task,target,model,threshold_type,auroc,auprc,sensitivity,specificity,accuracy,precision,npv,f1,balanced_accuracy,mcc,tp,fp,tn,fn,threshold,best_threshold,J,recall
picnicScene,PictureNamingScore,linguistic,baseline_predict,0.7459285789529128,0.42683054764725736,0.22727272727272727,0.984936268829664,0.8992805755395683,0.6578947368421053,0.9090909090909091,0.33783783783783783,0.6061044980511956,0.34687094823278414,25,13,850,85,,,,
picnicScene,PictureNamingScore,linguistic,youdenJ,0.7459285789529128,,0.6,0.8447276940903824,0.817060637204522,0.33,0.943078913324709,0.4258064516129032,0.7223638470451912,0.3484906819810326,66,134,729,44,0.21643990594319587,0.21643990594319587,0.4447276940903824,
picnicScene,PictureNamingScore,linguistic,max_f1,0.7459285789529128,,0.38181818181818183,0.9606025492468134,0.895169578622816,0.5526315789473685,0.9241917502787068,0.4516129032258065,0.6712103655324977,0.4040720145994246,42,34,829,68,0.38955604053960263,0.38955604053960263,,0.38181818181818183
picnicScene,PictureNamingScore,linguistic,recall>=0.80,0.7459285789529128,,0.8,0.4380069524913094,0.4789311408016444,0.15357766143106458,0.945,0.25768667642752563,0.6190034762456547,0.15317365563610397,88,485,378,22,0.09721867560487368,,,0.8
