group_col,A,B,mean_diff,ci_low,ci_high,p_raw,p_adj
Gender_label,f,m,-0.24945997473004852,-0.6959111657088402,0.16190654897714837,0.241,0.241
Country_label,uk,usa,-0.35957170161668783,-0.7632510792177662,0.054826958410782646,0.076,0.076
AgeGroup2,<65,≥65,0.14591640114433868,-0.24778811051431665,0.5498407588972586,0.471,0.471
