group_col,A,B,mean_diff,ci_low,ci_high,p_raw,p_adj
Gender_label,f,m,-0.24665585105566282,-0.38959251024032426,-0.08627972359222699,0.001,0.001
Country_label,uk,usa,-0.2771213521685428,-0.40909963903201707,-0.13879857881668,0.0,0.0
AgeGroup2,<65,≥65,0.07287127459004232,-0.08019748178963147,0.22308409290029027,0.394,0.394
