group_col,A,B,mean_diff,ci_low,ci_high,p_raw,p_adj
Gender_label,f,m,-0.1753198908690671,-0.40188412674191515,0.046271612987756505,0.104,0.104
Country_label,uk,usa,-0.2675845505062756,-0.4774796137203993,-0.0729171062163028,0.013,0.013
AgeGroup2,<65,≥65,-0.006484946406711644,-0.2252877423388263,0.20635018166873315,0.979,0.979
