Gender_label,n_subjects,R2_mean,R2_ci_low,R2_ci_high,MAE_mean,MAE_ci_low,MAE_ci_high,RMSE_mean,RMSE_ci_low,RMSE_ci_high,var_pred,mean_error,group_col,Country_label,AgeGroup2
f,588,0.13179304143203285,0.04147462336975974,0.22751260067858464,1.6201440860774319,1.5045702424949872,1.7417474754434628,2.2473581130115545,2.0142418399362687,2.4946146370899864,0.840601886054422,0.030770425958152894,Gender_label,,
m,371,0.3784488924876957,0.25267911810450266,0.4879221616104534,1.7954639769464993,1.6373592045357208,1.9871679468218069,2.496818087741603,2.1814746357792947,2.8637242230233246,2.364645639575434,0.016071642960103882,Gender_label,,
,482,0.06743673826939899,-0.021900265174190726,0.16829507912418193,1.553158324779925,1.4160604972004833,1.704193985849654,2.1542821079071803,1.8725030240942508,2.4995801197763585,0.785587502129269,0.09300486430240988,Country_label,uk,
,477,0.33961200334220665,0.23846689708179616,0.4378129580877662,1.826631206493772,1.67347201575777,1.981258599447777,2.5311817215214014,2.253058756043,2.8259664017000423,1.9737428142024038,-0.04354875176555365,Country_label,usa,
,558,0.2841880174910718,0.16947018774367942,0.3898908830748995,1.6854378365189377,1.5506296798140564,1.8290992691528776,2.4108285715095352,2.1069883290747344,2.7812754014937076,1.5459758151351242,0.038076698066652405,AgeGroup2,,<65
,401,0.20616587953265178,0.0912847622303831,0.3101262388669273,1.6932283631152525,1.5545585668815043,1.8415453256772565,2.2662756731416254,2.0279585481401443,2.51063304873898,1.272995548683394,0.007004470025936162,AgeGroup2,,≥65
