task,target,model,threshold_type,auroc,auprc,sensitivity,specificity,accuracy,precision,npv,f1,balanced_accuracy,mcc,tp,fp,tn,fn,threshold,best_threshold,J,recall
picnicScene,SemanticFluencyScore,acoustic+linguistic,baseline_predict,0.7129170256379787,0.39029851638892993,0.1402439024390244,0.9853836784409257,0.8446700507614213,0.6571428571428571,0.8515789473684211,0.23115577889447236,0.562813790439975,0.25280326271952025,23,12,809,141,,,,
picnicScene,SemanticFluencyScore,acoustic+linguistic,youdenJ,0.7129170256379787,,0.5365853658536586,0.7868453105968332,0.7451776649746192,0.33460076045627374,0.8947368421052632,0.41217798594847777,0.6617153382252459,0.27235053870336273,88,175,646,76,0.2775863932859115,0.2775863932859115,0.3234306764504917,
picnicScene,SemanticFluencyScore,acoustic+linguistic,max_f1,0.7129170256379787,,0.5365853658536586,0.7868453105968332,0.7451776649746192,0.33460076045627374,0.8947368421052632,0.41217798594847777,0.6617153382252459,0.27235053870336273,88,175,646,76,0.2775863932859115,0.2775863932859115,,0.5365853658536586
picnicScene,SemanticFluencyScore,acoustic+linguistic,recall>=0.80,0.7129170256379787,,0.8048780487804879,0.5006090133982948,0.5512690355329949,0.24354243542435425,0.927765237020316,0.37393767705382436,0.6527435310893913,0.2287624916453908,132,410,411,32,0.17818352330201379,,,0.8048780487804879
