task,target,model,threshold_type,auroc,auprc,sensitivity,specificity,accuracy,precision,npv,f1,balanced_accuracy,mcc,tp,fp,tn,fn,threshold,best_threshold,J,recall
picnicScene,SemanticFluencyScore,full,baseline_predict,0.721591753067348,0.3972992490975284,0.13414634146341464,0.9829476248477467,0.8416243654822335,0.6111111111111112,0.8503688092729189,0.22,0.5585469831555807,0.23245755365383378,22,14,807,142,,,,
picnicScene,SemanticFluencyScore,full,youdenJ,0.721591753067348,,0.7682926829268293,0.5700365408038977,0.6030456852791878,0.2630480167014614,0.924901185770751,0.39191290824261277,0.6691646118653635,0.25216801496865704,126,353,468,38,0.19678238512741156,0.19678238512741156,0.33832922373072694,
picnicScene,SemanticFluencyScore,full,max_f1,0.721591753067348,,0.5121951219512195,0.8197320341047503,0.7685279187817259,0.3620689655172414,0.8937583001328021,0.42424242424242425,0.6659635780279849,0.2914035290259781,84,148,673,80,0.28672829419674983,0.28672829419674983,,0.5121951219512195
picnicScene,SemanticFluencyScore,full,recall>=0.80,0.721591753067348,,0.8048780487804879,0.5249695493300852,0.5715736040609137,0.25287356321839083,0.9308855291576674,0.3848396501457726,0.6649237990552865,0.24619605043790144,132,390,431,32,0.18560940163717482,,,0.8048780487804879
