task,target,model,threshold_type,auroc,auprc,sensitivity,specificity,accuracy,precision,npv,f1,balanced_accuracy,mcc,tp,fp,tn,fn,threshold,best_threshold,J,recall
picnicScene,PictureNamingScore,acoustic,baseline_predict,0.667955335510376,0.30973610804294743,0.16363636363636364,0.984936268829664,0.8920863309352518,0.5806451612903226,0.9023354564755839,0.2553191489361702,0.5742863162330138,0.26787628079310977,18,13,850,92,,,,
picnicScene,PictureNamingScore,acoustic,youdenJ,0.667955335510376,,0.7272727272727273,0.5168018539976825,0.5405960945529291,0.16096579476861167,0.9369747899159664,0.26359143327841844,0.622037290635205,0.1546117951395284,80,417,446,30,0.13211787553784077,0.13211787553784077,0.24407458127040993,
picnicScene,PictureNamingScore,acoustic,max_f1,0.667955335510376,,0.2818181818181818,0.9559675550405562,0.8797533401849948,0.4492753623188406,0.9126106194690266,0.34636871508379885,0.618892868429369,0.29334506104292235,31,38,825,79,0.37112728021929675,0.37112728021929675,,0.2818181818181818
picnicScene,PictureNamingScore,acoustic,recall>=0.80,0.667955335510376,,0.8,0.41251448435689453,0.4563206577595067,0.14789915966386555,0.9417989417989417,0.24964539007092199,0.6062572421784473,0.13806572992658572,88,507,356,22,0.10781691657227578,,,0.8
