task,target,model,criterion,best_threshold,precision,recall,f1,threshold
picnicScene,SemanticFluencyScore,linguistic,max_f1,0.2225557720471159,0.26715686274509803,0.6646341463414634,0.38111888111888115,
picnicScene,SemanticFluencyScore,linguistic,recall>=0.80,,0.22916666666666666,0.8048780487804879,,0.1683162042647781
