task,target,model,threshold_type,auroc,auprc,sensitivity,specificity,accuracy,precision,npv,f1,balanced_accuracy,mcc,tp,fp,tn,fn,threshold,best_threshold,J,recall
picnicScene,SemanticFluencyScore,linguistic,baseline_predict,0.6902795520038026,0.37149314138656275,0.1524390243902439,0.9792935444579781,0.8416243654822335,0.5952380952380952,0.8525980911983033,0.24271844660194175,0.565866284424111,0.24288806323584128,25,17,804,139,,,,
picnicScene,SemanticFluencyScore,linguistic,youdenJ,0.6902795520038026,,0.6646341463414634,0.6358099878197321,0.6406091370558376,0.26715686274509803,0.9046793760831889,0.3811188811188811,0.6502220670805978,0.2272161745833273,109,299,522,55,0.2225557720471159,0.2225557720471159,0.30044413416119564,
picnicScene,SemanticFluencyScore,linguistic,max_f1,0.6902795520038026,,0.6646341463414634,0.6358099878197321,0.6406091370558376,0.26715686274509803,0.9046793760831889,0.38111888111888115,0.6502220670805978,0.2272161745833273,109,299,522,55,0.2225557720471159,0.2225557720471159,,0.6646341463414634
picnicScene,SemanticFluencyScore,linguistic,recall>=0.80,0.6902795520038026,,0.8048780487804879,0.4591961023142509,0.516751269035533,0.22916666666666666,0.921760391198044,0.3567567567567568,0.6320370755473694,0.19963951182781925,132,444,377,32,0.1683162042647781,,,0.8048780487804879
