task,target,model,threshold_type,auroc,auprc,sensitivity,specificity,accuracy,precision,npv,f1,balanced_accuracy,mcc,tp,fp,tn,fn,threshold,best_threshold,J,recall
picnicScene,PictureNamingScore,demographics,baseline_predict,0.54619193089645,0.19328405161569556,0.2545454545454545,0.8539976825028969,0.7862281603288798,0.18181818181818182,0.8998778998778999,0.21212121212121213,0.5542715685241757,0.09416766425823202,28,126,737,82,,,,
picnicScene,PictureNamingScore,demographics,youdenJ,0.54619193089645,,0.24545454545454545,0.8887601390498262,0.816032887975334,0.21951219512195122,0.9023529411764706,0.2317596566523605,0.5671073422521858,0.12789093330011683,27,96,767,83,0.5301601046365559,0.5301601046365559,0.13421468450437168,
picnicScene,PictureNamingScore,demographics,max_f1,0.54619193089645,,0.24545454545454545,0.8887601390498262,0.816032887975334,0.21951219512195122,0.9023529411764706,0.2317596566523605,0.5671073422521858,0.12789093330011683,27,96,767,83,0.5301601046365559,0.5301601046365559,,0.24545454545454545
picnicScene,PictureNamingScore,demographics,recall>=0.80,0.54619193089645,,0.8,0.24333719582850522,0.3062692702980473,0.11875843454790823,0.9051724137931034,0.20681551116333724,0.5216685979142526,0.03220397275021643,88,653,210,22,0.08265576156033923,,,0.8
