Gender_label,n_subjects,R2_mean,R2_ci_low,R2_ci_high,MAE_mean,MAE_ci_low,MAE_ci_high,RMSE_mean,RMSE_ci_low,RMSE_ci_high,var_pred,mean_error,group_col,Country_label,AgeGroup2
f,588,0.13625321795217435,0.04640275546358441,0.2304292791438808,1.6139554810001786,1.496937219925155,1.7363670566192262,2.2416825302717336,2.0049337518843076,2.4950994264014326,0.8568662406815201,0.022612859178981298,Gender_label,,
m,371,0.39507642757251765,0.2707134222859663,0.503219223212964,1.7905998977584137,1.6333578996121167,1.9801719719928794,2.463113736033465,2.1510366347429883,2.836289996068965,2.3779603272112313,0.03528452716576737,Gender_label,,
,482,0.07050184711542375,-0.015249458173919827,0.16775717369841403,1.5544820917589408,1.4193552610927531,1.7066191799576882,2.150825754961082,1.8752981510766085,2.49582904650027,0.7754986311316905,0.09590734320817405,Country_label,uk,
,477,0.35447805895717155,0.2541116620055644,0.4544944000105236,1.8140236703696602,1.662899577204821,1.963409867122396,2.5025016533117577,2.228123948816689,2.805917832576095,2.0176348601802987,-0.04159416907882436,Country_label,usa,
,558,0.2932944753529755,0.17941127273144877,0.40011333001634286,1.6719459246911255,1.5396028117434433,1.8159281850855569,2.3954783383112055,2.088635832161487,2.773906542478944,1.5476351409740834,0.03404287357266163,AgeGroup2,,<65
,401,0.21945223588683133,0.10252329209396041,0.32200441191040247,1.6985469239827338,1.5635196717783206,1.8470540860367441,2.247041467983444,2.02148333392558,2.4851522092341534,1.309745222548775,0.0184314147685673,AgeGroup2,,≥65
