group_col,A,B,mean_diff,ci_low,ci_high,p_raw,p_adj
Gender_label,f,m,-0.2588232096203433,-0.4018480585046443,-0.10241341556217115,0.001,0.001
Country_label,uk,usa,-0.28898560671938195,-0.41516587311945957,-0.14856261187272793,0.0,0.0
AgeGroup2,<65,≥65,0.06859452828176675,-0.08523842674765501,0.21645199783292934,0.412,0.412
