group_col,A,B,mean_diff,ci_low,ci_high,p_raw,p_adj
Gender_label,f,m,-0.22143120576173128,-0.6745780140829184,0.18782273550255246,0.287,0.287
Country_label,uk,usa,-0.3342484768695491,-0.7345314477677611,0.07980979358463222,0.108,0.108
AgeGroup2,<65,≥65,0.15002771188195824,-0.24195105071475684,0.5515609804162296,0.46,0.46
