group_col,A,B,mean_diff,ci_low,ci_high,p_raw,p_adj
Gender_label,f,m,-0.1766444167582349,-0.3988328872981275,0.03999276032046531,0.102,0.102
Country_label,uk,usa,-0.25332309364197075,-0.46158175539989904,-0.05980989612918069,0.017,0.017
AgeGroup2,<65,≥65,-0.02458114808469474,-0.23940231964251535,0.1784157758813651,0.834,0.834
