target,model,threshold_type,auroc_mean,auroc_ci_low,auroc_ci_high,auprc_mean,auprc_ci_low,auprc_ci_high,sensitivity_mean,sensitivity_ci_low,sensitivity_ci_high,specificity_mean,specificity_ci_low,specificity_ci_high,accuracy_mean,accuracy_ci_low,accuracy_ci_high,precision_mean,precision_ci_low,precision_ci_high,f1_mean,f1_ci_low,f1_ci_high,mcc_mean,mcc_ci_low,mcc_ci_high,threshold,task
PhonemicFluencyScore,acoustic,baseline_0.50,0.5422881595711431,0.4925968807171744,0.5870845707493861,0.18334570403019046,0.1450206001403371,0.22799957609876487,0.006806015582515553,0.0,0.02273160999306037,0.9906049995679087,0.9836055953205572,0.9964201544058872,0.8468600405679514,0.8235294117647058,0.8681795131845842,0.11065465620980326,0.0,0.3639204545454543,0.012741800023898405,0.0,0.04167395104895104,-0.009542262710705117,-0.0458452867629683,0.05416001277970348,0.5,picnicScene
PhonemicFluencyScore,acoustic,max_f1,,,,,,,0.5504621939303905,0.11474238875878222,1.0,0.49270212877304903,0.007189213664033813,0.935044100178732,0.501517631648484,0.1491000676024337,0.8168807248108323,0.19866992539098208,0.13142513285401689,0.3405214509940704,0.2813354548220685,0.22701637598189323,0.3456868260665729,0.04089222209838641,-0.051537252174737196,0.13634081021392452,,picnicScene
PhonemicFluencyScore,acoustic,recall>=0.80,,,,,,,0.8275612795768333,0.6567047574626866,0.9722587719298246,0.2420607264203894,0.10046021068001672,0.35036021020106434,0.3288081481302061,0.22330975128721195,0.4088288546204378,0.15143148942505258,0.11696951345222142,0.18717832002408566,0.2669422079076563,0.2107778637770898,0.3225913502711961,0.061272763315044936,-0.037580308509292996,0.14051721306209014,,picnicScene
