model,r2_mean,r2_std,r2_se,r2_ci_low,r2_ci_high,rmse_mean,mae_mean
baseline,-0.0025010615774027746,0.0017128030869536653,0.0007659888268999758,-0.004002399678126727,-0.0009997234766788222,4.626607701570411,3.6928728072151555
demographics,-0.20104524072009075,0.04537448388606065,0.020292086082640087,-0.2408177294420653,-0.1612727519981162,5.064328730977511,4.043647295791272
linguistic,0.002080436946730013,0.026574874310662935,0.011884645090431037,-0.02121346743051482,0.025374341323974845,4.622508238163723,3.669782478627009
acoustic,-0.006263047101746899,0.023333440793670907,0.010435031952722959,-0.026715709729083898,0.014189615525590098,4.64548940353995,3.703695528625695
linguistic+acoustic,0.025548832468150273,0.027546318166630675,0.012319087990084713,0.0014034200075842343,0.04969424492871631,4.574327884006405,3.6343076093611493
full,0.034387285738768106,0.02710964926016713,0.012123803718382117,0.010624630450739157,0.058149941026797054,4.553876672735558,3.6378116621432683
