model,r2_mean,r2_std,r2_se,r2_ci_low,r2_ci_high,rmse_mean,mae_mean
baseline,-0.010408274325520361,0.013431631733510264,0.006006808320974458,-0.0221816186346303,0.0013650699835895761,2.7225614718864852,1.9316520579219176
demographics,-0.2049716912296881,0.1842117174691099,0.08238198450258304,-0.36644038085475084,-0.04350300160462536,2.951519269706796,2.148696438285154
linguistic,0.11523234519565276,0.13939386993810296,0.06233883376567252,-0.006951768985065387,0.2374164593763709,2.4414789586171404,1.7811721068801902
acoustic,-0.03254615666860683,0.2013131618403813,0.09002998292810185,-0.20900492320768646,0.1439126098704728,2.725763052497578,1.9946168055303584
linguistic+acoustic,0.15034563757424435,0.11634160679912625,0.052029548282879604,0.04836772293980032,0.2523235522086884,2.4002545203233425,1.7487925232603376
full,0.15471056742854458,0.11572472027647251,0.05175366824306816,0.053273377672130987,0.2561477571849582,2.394288360080594,1.7500063571563298
