model,r2_mean,r2_std,r2_se,r2_ci_low,r2_ci_high,rmse_mean,mae_mean
baseline,-0.006247646646712335,0.0057917143290172725,0.0025901333891884407,-0.011324308089521678,-0.001170985203902991,5.686634631626143,4.523431239948925
demographics,-0.10880387878387535,0.027525965940577143,0.012309986197894885,-0.1329314517317493,-0.08467630583600137,5.9677929800603895,4.640150790219019
linguistic,0.09712957090635777,0.038514642120387785,0.017224271582052746,0.06336999860553438,0.13088914320718115,5.305095564193673,4.14219282913599
acoustic,0.04645499869846992,0.03209997250585257,0.014355544119792124,0.018318132223677355,0.07459186517326248,5.524867779040859,4.35731076286155
linguistic+acoustic,0.13565908859526093,0.030146758581843992,0.013482040298055664,0.10923428961107183,0.16208388757945003,5.1957454118016795,4.081127303001314
full,0.14758756619039398,0.019886266812207006,0.008893408882158583,0.13015648478136316,0.1650186475994248,5.160325000381133,4.06797103582214
