task,model,r2_mean,r2_std,r2_se,r2_ci_low,r2_ci_high
cookieTheft,acoustic,0.041396859346146585,0.012425260744248974,0.005556745532460067,0.030505638102524855,0.05228808058976832
cookieTheft,baseline,-0.0025343762602617836,0.0016723103703239056,0.0007478799335044199,-0.0040002209299304465,-0.0010685315905931206
cookieTheft,demographics,0.011046532437908384,0.009235203231039702,0.004130108442126094,0.00295151989134124,0.01914154498447553
cookieTheft,full,0.016636929129929957,0.049314695512202474,0.022054202290997707,-0.02658930736042555,0.059863165620285465
cookieTheft,linguistic,-0.01332774511070418,0.030215893549513973,0.01351295839552213,-0.03981314356592755,0.013157653344519193
cookieTheft,linguistic+acoustic,0.01969354141374282,0.047037818432043334,0.02103595190546829,-0.02153692432097503,0.06092400714846067
journaling,acoustic,0.02337664642007873,0.03120965296449619,0.013957381116558261,-0.00397982056837546,0.05073311340853292
journaling,baseline,-0.0022883035764734495,0.0014314650089085545,0.000640170613466374,-0.0035430379788675423,-0.0010335691740793566
journaling,demographics,0.011142516222896814,0.008894999309172293,0.003977964623024583,0.0033457055617686316,0.018939326884024995
journaling,full,-0.04351206950001796,0.02603735363561866,0.011644258536688922,-0.06633481623192825,-0.02068932276810767
journaling,linguistic,-0.06606476827179106,0.04304837087609549,0.019251816719914338,-0.10379832904282316,-0.02833120750075896
journaling,linguistic+acoustic,-0.04344322103954754,0.01977726594524381,0.008844662212531358,-0.060778758976109,-0.02610768310298608
picnicScene,acoustic,0.038794140963035594,0.016772456381590046,0.007500870523777099,0.02409243473643248,0.05349584718963871
picnicScene,baseline,-0.0025574357079506172,0.001660047760100829,0.0007423959274963434,-0.00401253172584345,-0.0011023396900577843
picnicScene,demographics,0.011172408190302584,0.00942922590734638,0.004216878020805727,0.0029073272695233597,0.01943748911108181
picnicScene,full,-0.03264690329726174,0.047807208602612374,0.021380033649990797,-0.07455176925124371,0.009257962656720221
picnicScene,linguistic,-0.04530472031990571,0.04572126357724208,0.020447170675179697,-0.08538117484325791,-0.0052282657965535065
picnicScene,linguistic+acoustic,-0.029992728030369918,0.05098913592861521,0.022803034810072093,-0.07468667625811122,0.014701220197371384
