task,target,model,threshold_type,auroc,auprc,sensitivity,specificity,accuracy,precision,npv,f1,balanced_accuracy,mcc,tp,fp,tn,fn,threshold,best_threshold,J,recall
picnicScene,SemanticFluencyScore,acoustic,baseline_predict,0.6589227889842845,0.3302305701565408,0.12195121951219512,0.9719853836784409,0.8304568527918782,0.46511627906976744,0.8471337579617835,0.1932367149758454,0.546968301595318,0.17126502218752726,20,23,798,144,,,,
picnicScene,SemanticFluencyScore,acoustic,youdenJ,0.6589227889842845,,0.6707317073170732,0.5895249695493301,0.6030456852791878,0.24608501118568232,0.8996282527881041,0.36006546644844517,0.6301283384332017,0.19473790041277186,110,337,484,54,0.21125510697817207,0.21125510697817207,0.2602566768664034,
picnicScene,SemanticFluencyScore,acoustic,max_f1,0.6589227889842845,,0.5548780487804879,0.6967113276492083,0.6730964467005076,0.2676470588235294,0.8868217054263566,0.36111111111111116,0.6257946882148481,0.1971362474926784,91,249,572,73,0.24660306449815106,0.24660306449815106,,0.5548780487804879
picnicScene,SemanticFluencyScore,acoustic,recall>=0.80,0.6589227889842845,,0.8048780487804879,0.38367844092570036,0.45380710659898477,0.20689655172413793,0.9077809798270894,0.32917705735660846,0.5942782448530941,0.1470482668971996,132,506,315,32,0.15746398689086766,,,0.8048780487804879
