target,task,model,metric,estimate,ci_low,ci_high,n_subjects,n_boot
SemanticFluencyScore,picture_description,full,r2,0.19195105973399007,0.15202690307731392,0.22730286923309248,981,1000
SemanticFluencyScore,picture_description,full,rmse,5.0873099009807285,4.82285673181243,5.366357865841957,981,1000
SemanticFluencyScore,picture_description,full,mae,4.00611594422674,3.8051877741791595,4.195155914579887,981,1000
SemanticFluencyScore,picture_description_1min,full,r2,0.15361456738650647,0.11511181760401862,0.18777307523778436,981,1000
SemanticFluencyScore,picture_description_1min,full,rmse,5.206590859429266,4.939679032985027,5.4781818619029,981,1000
SemanticFluencyScore,picture_description_1min,full,mae,4.105335523953838,3.913347638220621,4.313120337476492,981,1000
SemanticFluencyScore,picture_description_2min,full,r2,0.18965434758902922,0.15089747538897264,0.22585093159894956,981,1000
SemanticFluencyScore,picture_description_2min,full,rmse,5.094534584555327,4.82541266913027,5.366232982824825,981,1000
SemanticFluencyScore,picture_description_2min,full,mae,4.031067870227349,3.833069007581637,4.2244030025929,981,1000
