target,task,model,metric,estimate,ci_low,ci_high,n_subjects,n_boot
PhonemicFluencyScore,picture_description,full,r2,0.06273566117203033,0.032754002644839,0.08941516316823421,981,1000
PhonemicFluencyScore,picture_description,full,rmse,4.477583335058704,4.265984093601978,4.697998708770945,981,1000
PhonemicFluencyScore,picture_description,full,mae,3.5617505229434485,3.3953853351375773,3.7274934740777836,981,1000
PhonemicFluencyScore,picture_description_1min,full,r2,0.06006476542623185,0.028984339741316468,0.08767250576677475,981,1000
PhonemicFluencyScore,picture_description_1min,full,rmse,4.483958617881757,4.285884776313175,4.69672405029159,981,1000
PhonemicFluencyScore,picture_description_1min,full,mae,3.5875150350836877,3.4282249299248635,3.7540147928798593,981,1000
PhonemicFluencyScore,picture_description_2min,full,r2,0.056966976809803116,0.027603156310897662,0.08283255805660922,981,1000
PhonemicFluencyScore,picture_description_2min,full,rmse,4.49134153613982,4.283682532900285,4.712363958177696,981,1000
PhonemicFluencyScore,picture_description_2min,full,mae,3.581024948036131,3.419428231228003,3.745209929979944,981,1000
