model,r2_mean,r2_std,r2_se,r2_ci_low,r2_ci_high,rmse_mean,mae_mean
baseline,-0.010183095652527285,0.013349880501058986,0.005970248058373369,-0.021884781846939087,0.0015185905418845166,2.7232978671200057,1.9325674308560807
demographics,-0.20612094827238475,0.16855163887617322,0.0753785844492239,-0.3538629737928636,-0.0583789227519059,2.955740333556547,2.158005914112792
linguistic,0.05450620527887353,0.06791082309837647,0.030370643371186532,-0.0050202557286520705,0.11403266628639913,2.3142682802503867,1.6404918548808038
acoustic,0.06384377606345455,0.1516927317339933,0.06783905196996971,-0.06912076579768607,0.1968083179245952,2.6028039269371344,1.8834520076289736
linguistic+acoustic,0.044715432111044076,0.09894044951443888,0.04424751416773428,-0.042009695657715104,0.13144055987980324,2.32134797208336,1.6410320259456548
full,0.05493474512271699,0.10223118306946867,0.04571917495271151,-0.03467483778459756,0.14454432803003153,2.3068887470530477,1.6408712496139883
