model,r2_mean,r2_std,r2_se,r2_ci_low,r2_ci_high,rmse_mean,mae_mean
baseline,-0.005810571498616124,0.005421672625072464,0.002424645708282352,-0.010562877086849533,-0.0010582659103827137,5.688061391913902,4.525421768156884
demographics,-0.11186415189731051,0.041785736956169474,0.018687149664784016,-0.14849096524028718,-0.07523733855433384,5.978588543983335,4.637088533467804
linguistic,0.09467739042508383,0.0598742298003593,0.02677656958680941,0.042195314034937384,0.1471594668152303,5.316150302081138,4.172720530531892
acoustic,0.06745086119307189,0.03806098828343324,0.01702139141851595,0.03408893401278063,0.10081278837336316,5.47685580725638,4.331548740277529
linguistic+acoustic,0.1269375166112812,0.06931248332144636,0.030997484879214894,0.06618244624802,0.18769258697454239,5.218740803474526,4.136303592218624
full,0.14246396232425335,0.07014026367153552,0.03136767950586248,0.08098331049276289,0.2039446141557438,5.170708326496266,4.111361529180161
