model,r2_mean,r2_std,r2_se,r2_ci_low,r2_ci_high,rmse_mean,mae_mean
baseline,-0.0026640580227779596,0.0016952400034786104,0.0007581343771910305,-0.004150001402072379,-0.0011781146434835397,4.629332197141993,3.6960485724989334
demographics,-0.2105938966805309,0.05235676764577876,0.023414658307624587,-0.25648662696347513,-0.16470116639758672,5.086689829648203,4.065431082711029
linguistic,-0.026413757394545257,0.03795389433422284,0.01697349754843328,-0.059681812589474484,0.006854297800383966,4.597079096058797,3.6745045593892995
acoustic,0.013422681966156525,0.03987439412711415,0.017832371165969127,-0.021528765519142967,0.04837412945145601,4.591399031344439,3.649940159633561
linguistic+acoustic,-0.0021909464586677752,0.042316250226922335,0.018924402412057846,-0.039282775186301154,0.0349008822689656,4.544872449643336,3.632841848628794
full,0.016211539881257408,0.046994295866790145,0.02101648802257603,-0.02498077664299161,0.05740385640550642,4.502589668238862,3.590585561298494
