task,target,model,threshold_type,auroc,auprc,sensitivity,specificity,accuracy,precision,npv,f1,balanced_accuracy,mcc,tp,fp,tn,fn,threshold,best_threshold,J,recall
picnicScene,SemanticFluencyScore,demographics,baseline_predict,0.5600101007100204,0.23454027425441507,0.25,0.8197320341047503,0.7248730964467005,0.21693121693121692,0.8454773869346733,0.23229461756373937,0.5348660170523751,0.06596877210624823,41,148,673,123,,,,
picnicScene,SemanticFluencyScore,demographics,youdenJ,0.5600101007100204,,0.4146341463414634,0.7149817295980512,0.6649746192893401,0.2251655629139073,0.8594436310395315,0.2918454935622318,0.5648079379697573,0.10472198807705688,68,234,587,96,0.4292162772581284,0.4292162772581284,0.1296158759395145,
picnicScene,SemanticFluencyScore,demographics,max_f1,0.5600101007100204,,0.9329268292682927,0.1315468940316687,0.2649746192893401,0.1766743648960739,0.907563025210084,0.2970873786407767,0.5322368616499807,0.07369598483781414,153,713,108,11,0.0891013502287329,0.0891013502287329,,0.9329268292682927
picnicScene,SemanticFluencyScore,demographics,recall>=0.80,0.5600101007100204,,0.8048780487804879,0.23995127892813642,0.33401015228426395,0.1746031746031746,0.8602620087336245,0.28695652173913044,0.5224146638543121,0.03953457637848962,132,624,197,32,0.14741256016061827,,,0.8048780487804879
