Fold,R2,RMSE,MAE
1,0.1279063783719403,2.172429929450612,1.6482114580131606
2,0.06751945620543798,2.3053356872583017,1.7957396437460982
3,0.05202312350002558,2.306256442492277,1.69000869433236
4,0.16083904699157714,3.0472014335979214,2.012017801054708
5,0.09364335492227893,2.4257476687359114,1.8444225595904615
