Fold,R2,RMSE,MAE
1,0.18656395941811155,4.441972511358739,3.6971874999999996
2,0.07461108284369411,5.259998316698083,4.185104166666666
3,0.13667493412328002,5.242259814060648,3.9146596858638736
4,0.14773742527829326,5.399510255084659,4.216649214659686
5,0.14805732565349594,5.591036955774634,4.400104712041885
