Fold,R2,RMSE,MAE
1,0.0043283362030378525,4.512523507081011,3.5798741423318354
2,-0.040581767445884154,4.053648821682033,3.2130541730383624
3,-0.6720107365461487,6.146319253024266,3.9706737835996173
4,0.011742111187582283,4.66277351332795,3.8285980932986274
5,0.011424779932790674,5.040082829168518,3.9249307197927674
