Fold,R2,RMSE,MAE
1,0.05180040950040976,2.265239385514081,1.6542105263157891
2,-0.08631841218539416,2.4882433615816253,1.8493650793650793
3,0.014001560223530718,2.3520515642405804,1.7343386243386245
4,0.2241990345546454,2.9299060064017763,1.9949206349206348
5,0.017517597064352963,2.525564424317001,1.9277777777777778
