Fold,R2,RMSE,MAE
1,0.16313895891757657,4.505477617336292,3.7423741025049466
2,0.09301634770504907,5.207426968056062,4.2436591154709795
3,0.13633268056903536,5.243298822621836,3.9634923535025237
4,0.1679718448176366,5.335027628358226,4.126026884750248
5,0.16957110501784423,5.519991417891091,4.331264770413622
