Fold,R2,RMSE,MAE
1,0.002591451612902973,4.516457694273984,3.6036979166666665
2,-0.02747164334991603,4.028032242919612,3.125
3,0.019571483218642993,4.706559475268621,3.782984293193717
4,-0.010029725109460319,4.713855371215051,3.840418848167539
5,-0.023724514623177262,5.128901579637942,4.011518324607329
