Fold,R2,RMSE,MAE
1,-0.28007645015868743,5.017924346179421,3.9815226732152182
2,-0.09999585202458028,4.451288630324958,3.492057999107954
3,-1.487704452609067,7.41677756536896,4.52289281945863
4,-0.29346616185962837,5.592582516702873,4.350394410027005
5,-0.38637176772360937,4.901506810839991,3.9378234147207176
