Fold,R2,RMSE,MAE
1,0.18740445291227548,4.4396770549748705,3.702780649022771
2,0.08989685454157059,5.21637453223317,4.206453955520447
3,0.05196320969543111,5.493434641281333,4.091820924607094
4,0.12012950794519339,5.486268243863495,4.2254702796640675
5,0.16601869337717245,5.531785537447737,4.33473602155355
