Fold,R2,RMSE,MAE
1,0.1571272876444033,2.1357244489971143,1.5982681390417453
2,0.0795852174786067,2.2903722670055617,1.7715424955395838
3,-0.24783663392924216,2.6459862953245725,1.7874254664400406
4,0.2234143252277987,2.9313874066480983,1.988437483382067
5,0.0035840330214643723,2.543410150594106,1.9334242565552515
