Fold,R2,RMSE,MAE
1,0.18320622743620396,4.4511309408353945,3.7134162630604433
2,0.08622020133308406,5.226900520169819,4.208292874099438
3,0.020884338366375377,5.582752374129589,4.116683282980186
4,0.11334581277676448,5.507376868342412,4.237523226473721
5,0.16430647811243948,5.537461174957869,4.341153975927584
