Fold,R2,RMSE,MAE
1,-0.0017198583590509742,4.526208389040836,3.5932195652231473
2,-0.04539253068246052,4.0630083252392595,3.2253571518965756
3,-1.0655412224419445,6.831444070948435,4.044662469151863
4,0.011096781444409953,4.664295654161158,3.824730299588551
5,0.013280303451787656,5.035350571821383,3.918895257934481
