Fold,R2,RMSE,MAE
1,0.02244816448614495,4.471274174901489,3.5749918023462137
2,0.013897458908423532,3.9461087962924406,3.093885218249065
3,0.04746107617622908,4.639134344928668,3.6993013395773895
4,0.02365558598446693,4.634583368933363,3.7726968381294093
5,0.035438379802284814,4.978491871559592,3.9299236146714316
