Fold,R2,RMSE,MAE
1,0.18043365835819636,2.1059898778811896,1.5819632288487986
2,0.08291005334075496,2.28623174171922,1.769839205215554
3,-0.2154058935192782,2.6113759115828663,1.7839615956349146
4,0.22817390273305682,2.922390582820161,1.9785241448012165
5,0.01344783086065282,2.530789878995906,1.9222508079226024
