R2_Mean,R2_Std,R2_SE,R2_CI_Low,R2_CI_High,RMSE_Mean,MAE_Mean
-0.00781258965020153,0.01938243379873344,0.00866808790867149,-0.03187905989565672,0.016253880595253654,4.618761272663042,3.6727238765270505
