R2_Mean,R2_Std,R2_SE,R2_CI_Low,R2_CI_High,RMSE_Mean,MAE_Mean
0.12308254369432861,0.05511077709521809,0.024646288775549207,0.05465347586216357,0.19151161152649365,5.233508001960121,4.1122523660735855
