R2_Mean,R2_Std,R2_SE,R2_CI_Low,R2_CI_High,RMSE_Mean,MAE_Mean
0.02858013307150986,0.013047592537203917,0.005835060771181382,0.012379407154831618,0.04478085898818811,4.53391851132311,3.6141597625947015
