R2_Mean,R2_Std,R2_SE,R2_CI_Low,R2_CI_High,RMSE_Mean,MAE_Mean
0.057911910354676556,0.17414455792170086,0.07787981388491452,-0.15831711769980994,0.27414093840916304,2.4913555985998688,1.8073077964846171
