R2_Mean,R2_Std,R2_SE,R2_CI_Low,R2_CI_High,RMSE_Mean,MAE_Mean
0.10038627199825198,0.044375057472995,0.019845129003015372,0.045287360715811076,0.15548518328069288,2.451394232307005,1.7980800313473577
