R2_Mean,R2_Std,R2_SE,R2_CI_Low,R2_CI_High,RMSE_Mean,MAE_Mean
0.043174845888606185,0.1823816451175587,0.08156355126622077,-0.1832818767870422,0.2696315685642546,2.5093761137138904,1.8158195681917377
