R2_Mean,R2_Std,R2_SE,R2_CI_Low,R2_CI_High,RMSE_Mean,MAE_Mean
0.11359261160497347,0.06473423639364265,0.028950030609545156,0.03321444082377538,0.19397078238617155,5.261124375687016,4.123413924508275
