R2_Mean,R2_Std,R2_SE,R2_CI_Low,R2_CI_High,RMSE_Mean,MAE_Mean
0.14600618740542837,0.03253009050595909,0.014547898737109011,0.10561474516586881,0.1863976296449879,5.162244490852702,4.081363445328464
