R2_Mean,R2_Std,R2_SE,R2_CI_Low,R2_CI_High,RMSE_Mean,MAE_Mean
-0.13701945533372442,0.29985862979432387,0.13410085597201038,-0.5093431205000476,0.23530420983259878,4.883069584856756,3.7034261824122416
