R2_Mean,R2_Std,R2_SE,R2_CI_Low,R2_CI_High,RMSE_Mean,MAE_Mean
0.13872894546337497,0.040532947139020684,0.018126885026251174,0.08840064425975663,0.1890572466669933,5.186955570595353,4.082741055846421
