R2_Mean,R2_Std,R2_SE,R2_CI_Low,R2_CI_High,RMSE_Mean,MAE_Mean
-0.21765530531745164,0.4745713544430484,0.2122347617417606,-0.806913470708184,0.37160286007328064,5.024061402242214,3.7213729487589235
