R2_Mean,R2_Std,R2_SE,R2_CI_Low,R2_CI_High,RMSE_Mean,MAE_Mean
-0.5095229368751145,0.5565617534716467,0.24890198288781631,-1.2005856289380183,0.1815397551877893,5.476015973883241,4.056938263305905
