R2_Mean,R2_Std,R2_SE,R2_CI_Low,R2_CI_High,RMSE_Mean,MAE_Mean
0.04424003783150894,0.11304464047533203,0.05055510011897331,-0.09612342243659915,0.184603498099617,2.512200948411013,1.8321225285435812
