Gender_label,n_subjects,R2_mean,R2_ci_low,R2_ci_high,MAE_mean,MAE_ci_low,MAE_ci_high,RMSE_mean,RMSE_ci_low,RMSE_ci_high,var_pred,mean_error,group_col,Country_label,AgeGroup2
f,592,0.04275186510278366,0.007941857138199561,0.07770593349922919,3.5925800426037084,3.373299608031632,3.8104634172338403,4.4694909061786205,4.213663655476447,4.725125522387988,1.1056497664182372,-0.1160136639433751,Gender_label,,
m,378,0.0655417071482733,0.02085325468623177,0.11226231363966506,3.597903606970186,3.3278475010238404,3.879720040420569,4.572652329746226,4.197640049572003,5.018149912357399,1.3869898020354403,0.17384720193042413,Gender_label,,
,491,0.029715904076111705,-0.005993097752394317,0.06251918661341796,3.7509566319431955,3.528122452085029,3.978200673303981,4.594129015881229,4.344466809335251,4.860340656357453,0.9242930793632385,0.13691241044434668,Country_label,uk,
,479,0.06672150821640548,0.022948381142533485,0.10588336312584691,3.444265615517003,3.197006554017297,3.684084766341171,4.437649129868174,4.104744488627166,4.790310927401199,1.408833789743168,-0.14653411326294777,Country_label,usa,
,566,0.03588224080250288,-0.0022152676470082442,0.07357951607889147,3.5433969728866015,3.3307558118751333,3.771873060092008,4.463955033956243,4.192014986780761,4.777274504804039,1.29012398884049,-0.03169588914153135,AgeGroup2,,<65
,404,0.07427151763304797,0.03839921354083101,0.11112967950071763,3.6660260670546334,3.4019144439733,3.9244937043543304,4.568706287944727,4.251572414165324,4.887671291903688,1.111857958636328,0.037064422102299495,AgeGroup2,,≥65
