group_col,A,B,mean_diff,ci_low,ci_high,p_raw,p_adj
Gender_label,f,m,-0.1031614235676058,-0.6470826439997979,0.3658396274941363,0.679,0.679
Country_label,uk,usa,0.15976163849217404,-0.3151205293412918,0.5904517378199119,0.488,0.488
AgeGroup2,<65,≥65,-0.09446923071978228,-0.5138716134287197,0.33563699000338426,0.618,0.618
