group_col,A,B,mean_diff,ci_low,ci_high,p_raw,p_adj
Gender_label,f,m,-0.005323564366477457,-0.3639153831022545,0.36139749426399187,0.995,0.995
Country_label,uk,usa,0.2985240791321382,-0.056791693002021346,0.6430502289218717,0.088,0.088
AgeGroup2,<65,≥65,-0.1192944544559465,-0.4578567940908314,0.22168730785162202,0.474,0.474
