group_col,A,B,mean_diff,ci_low,ci_high,p_raw,p_adj
Gender_label,f,m,-0.022789842045489648,-0.08287368488663258,0.03496318986231638,0.414,0.414
Country_label,uk,usa,-0.03568352131332718,-0.09265354831953361,0.019271700512712157,0.202,0.202
AgeGroup2,<65,≥65,-0.037303184374344954,-0.09148006318170346,0.017749231564775533,0.182,0.182
