target,model,threshold_type,auroc_mean,auroc_ci_low,auroc_ci_high,auprc_mean,auprc_ci_low,auprc_ci_high,sensitivity_mean,sensitivity_ci_low,sensitivity_ci_high,specificity_mean,specificity_ci_low,specificity_ci_high,accuracy_mean,accuracy_ci_low,accuracy_ci_high,precision_mean,precision_ci_low,precision_ci_high,f1_mean,f1_ci_low,f1_ci_high,mcc_mean,mcc_ci_low,mcc_ci_high,threshold,task
SemanticFluencyScore,linguistic+acoustic,baseline_0.50,0.7041336658788141,0.6543423779395574,0.7462069120364008,0.3875530973368833,0.30934817404129394,0.4615241042498865,0.14591103069689335,0.09933774834437085,0.20136824864173855,0.9805988565295197,0.9702377259836937,0.9902334720295886,0.8408590263691684,0.8174442190669371,0.8630831643002028,0.6026272234247901,0.45712732919254656,0.7631965944272446,0.2340541764246475,0.16407608695652176,0.31306492493663485,0.23890784550444658,0.159201577092557,0.3270322276503309,0.5,picnicScene
SemanticFluencyScore,linguistic+acoustic,max_f1,,,,,,,0.3862641702334403,0.13091386554621853,0.7386600378787879,0.8530595026579543,0.5547698504027618,0.9625962773718385,0.7659914078213849,0.5832883104125738,0.8298843242871747,0.38173022999688616,0.23503401360544218,0.5660658969304421,0.40962682224776553,0.31817599067599067,0.5037127371273712,0.24413424565863343,0.10805597506421236,0.36448856578499655,,picnicScene
SemanticFluencyScore,linguistic+acoustic,recall>=0.80,,,,,,,0.8682389077766736,0.6999528301886793,0.9677505147563487,0.3666855309099996,0.16128300782678662,0.574688436372531,0.4601519866890318,0.30145432999824945,0.6078038813061158,0.19831334937532613,0.13583958826460696,0.26965686741090245,0.3768465799514879,0.3052192274251646,0.4504795117698343,0.19779475449753403,0.07813153290674837,0.28739163991538397,,picnicScene
