TrainingSize%,Test_R2
10,-0.9995730424959122
20,-0.08594482052587282
30,-0.06963269510328862
40,0.08761387468334081
50,0.02207040373469804
60,0.09966528395284358
70,0.1380152112520846
80,0.15243375638360024
90,0.15522440110264846
100,0.1832062274362043
