target,model,threshold_type,auroc_mean,auroc_ci_low,auroc_ci_high,auprc_mean,auprc_ci_low,auprc_ci_high,sensitivity_mean,sensitivity_ci_low,sensitivity_ci_high,specificity_mean,specificity_ci_low,specificity_ci_high,accuracy_mean,accuracy_ci_low,accuracy_ci_high,precision_mean,precision_ci_low,precision_ci_high,f1_mean,f1_ci_low,f1_ci_high,mcc_mean,mcc_ci_low,mcc_ci_high,threshold,task
PictureNamingScore,linguistic,baseline_0.50,0.7538763847835623,0.6989517145219717,0.8089176561341279,0.42331889185375793,0.32709784977092937,0.5151158751784222,0.20745507583225656,0.13513513513513514,0.2857453416149068,0.9852066453235473,0.9764047169811321,0.9929583642204102,0.8973952772073922,0.87782340862423,0.9158110882956879,0.6412483888204038,0.4782091097308489,0.8,0.31197038390957504,0.2158273381294964,0.407433489827856,0.3240625378713628,0.2213521075698436,0.41944791531253106,0.5,picnicScene
PictureNamingScore,linguistic,max_f1,,,,,,,0.4132884413569955,0.16061799719887965,0.707741935483871,0.9178079838665599,0.7953426218469984,0.9884533210587372,0.857518493245386,0.775966568354869,0.911578947368421,0.5055699950025477,0.271291640477687,0.7742831541218637,0.4645881848757432,0.36111111111111105,0.5697208321067607,0.3476314549425145,0.2226794303444243,0.47511286301118427,,picnicScene
PictureNamingScore,linguistic,recall>=0.80,,,,,,,0.8985481264491741,0.6739019520851819,0.9833401639344261,0.3358986831856133,0.09044858523119395,0.7709011983370015,0.4029837369314441,0.19143928956511322,0.7605677006826234,0.14050657313996281,0.0852512406947891,0.2808270676691728,0.2724672046679139,0.18803418803418803,0.40218745900564074,0.1684298908658673,0.013347991094710828,0.3278890558149695,,picnicScene
