group_col,A,B,mean_diff,ci_low,ci_high,p_raw,p_adj
Gender_label,f,m,-0.13613895643766769,-0.6837009096639807,0.3369801555128802,0.576,0.576
Country_label,uk,usa,0.13604277995989944,-0.354592551440706,0.5702897226777693,0.561,0.561
AgeGroup2,<65,≥65,-0.12317418629709413,-0.5520314940117835,0.31476136946263383,0.518,0.518
