group_col,A,B,mean_diff,ci_low,ci_high,p_raw,p_adj
Gender_label,f,m,-0.00915451099691886,-0.06751462636754633,0.04724362437575408,0.718,0.718
Country_label,uk,usa,-0.025652995250617677,-0.08401527466839856,0.030329402421344395,0.337,0.337
AgeGroup2,<65,≥65,-0.02539733644522064,-0.07905852398030463,0.025263129154248564,0.359,0.359
