group_col,A,B,mean_diff,ci_low,ci_high,p_raw,p_adj
Gender_label,f,m,-0.02517870719830551,-0.3881632226785903,0.3417489416583029,0.911,0.911
Country_label,uk,usa,0.27603378469363427,-0.07716754692180887,0.6156410304340162,0.109,0.109
AgeGroup2,<65,≥65,-0.13994948204837243,-0.48390690034465605,0.19871835359829043,0.395,0.395
