Gender_label,n_subjects,R2_mean,R2_ci_low,R2_ci_high,MAE_mean,MAE_ci_low,MAE_ci_high,RMSE_mean,RMSE_ci_low,RMSE_ci_high,var_pred,mean_error,group_col,Country_label,AgeGroup2
f,592,0.04699490228043718,0.014277065609810022,0.07805463910435123,3.5985691718447526,3.3816028291218236,3.811766106132289,4.4595941955348355,4.210370452358392,4.704501823727727,1.1037206627606442,-0.1088994943565701,Gender_label,,
m,378,0.05614941327735603,0.010937575957542862,0.10266122867790783,3.6237478790430577,3.3544587206500798,3.9101297761296454,4.595733151972504,4.217597075704148,5.0518377242157,1.4213556448280935,0.1767607618307458,Gender_label,,
,491,0.03303391660089318,-0.0014835029268417347,0.06468081625190986,3.7541312459484177,3.5320456912954445,3.9860487889747525,4.586307627037227,4.330736058503642,4.854688386709188,0.9179361212270362,0.14645344030345592,Country_label,uk,
,479,0.060122148863237565,0.016560389263119854,0.09785700141622604,3.468775650424245,3.221411277012255,3.7130591647732603,4.453402632438838,4.111148387243328,4.811237977794714,1.4441608996446775,-0.14522248825900713,Country_label,usa,
,566,0.0397512711474682,0.002690190420064229,0.07511086869750538,3.548953224804921,3.337357928025045,3.772166390421563,4.45508821410402,4.181734236162676,4.77720745936999,1.2683095839059308,-0.036618118270063275,AgeGroup2,,<65
,404,0.06582632845118985,0.02913839035084659,0.10465871821252205,3.6918763113062085,3.4234102773526445,3.9463365088916142,4.589521867783472,4.270424757841839,4.910553401594514,1.1704512191315553,0.057111193697495774,AgeGroup2,,≥65
