task,model,r2_mean,r2_std,r2_se,r2_ci_low,r2_ci_high
cookieTheft,acoustic,-0.046164822250132166,0.07508510247883793,0.033579078648043915,-0.11197981640029825,0.01965017190003391
cookieTheft,baseline,-0.003511152128300399,0.0016566563003946979,0.0007408792206071712,-0.004963275400690454,-0.0020590288559103435
cookieTheft,demographics,-0.2581587666124766,0.067251479282537,0.0300757758526343,-0.31710728728363985,-0.19921024594131337
cookieTheft,full,0.0006923082190805508,0.0284431171183927,0.012720148673742802,-0.024239183181455338,0.02562379961961644
cookieTheft,linguistic,-0.04355401515936415,0.04530879329156215,0.020262708355683882,-0.08326892353650456,-0.003839106782223739
cookieTheft,linguistic+acoustic,-0.001924280971119008,0.024555268767412014,0.010981450033942146,-0.023447923037645615,0.019599361095407598
journaling,acoustic,-0.06733794008223692,0.06450707867936853,0.028848442591399077,-0.1238808875613791,-0.010794992603094737
journaling,baseline,-0.003511152128300399,0.0016566563003946979,0.0007408792206071712,-0.004963275400690454,-0.0020590288559103435
journaling,demographics,-0.2581587666124766,0.067251479282537,0.0300757758526343,-0.31710728728363985,-0.19921024594131337
journaling,full,0.013480877933006697,0.04453666423515512,0.019917401744178106,-0.025557229485582394,0.052518985351595784
journaling,linguistic,-0.027730120240783963,0.06561298284899152,0.02934301797137457,-0.08524243546467812,0.029782194983110192
journaling,linguistic+acoustic,-0.004409327191682166,0.04785155479061958,0.02139986586817622,-0.04635306429330756,0.03753440990994322
picnicScene,acoustic,-0.002176496746569634,0.03708437450838732,0.01658463646076288,-0.03468238420966487,0.030329390716525607
picnicScene,baseline,-0.003511152128300399,0.0016566563003946979,0.0007408792206071712,-0.004963275400690454,-0.0020590288559103435
picnicScene,demographics,-0.2581587666124766,0.067251479282537,0.0300757758526343,-0.31710728728363985,-0.19921024594131337
picnicScene,full,-0.023671567504031654,0.03433006892234883,0.015352873556524985,-0.05376319967482063,0.006420064666757316
picnicScene,linguistic,-0.027320323658852685,0.05302199593182502,0.02371215744125561,-0.07379615224371368,0.019155504926008312
picnicScene,linguistic+acoustic,-0.024783762397108177,0.042084362441853485,0.018820699041944687,-0.061672332519319764,0.012104807725103407
