task,model,r2_mean,r2_std,r2_se,r2_ci_low,r2_ci_high
cookieTheft,acoustic,0.05907550657473615,0.02563698190551352,0.011465206855732064,0.036603701137501304,0.08154731201197099
cookieTheft,baseline,-0.0070735415759962,0.00809911446074984,0.003622034098357639,-0.014172728408777173,2.5645256784771753e-05
cookieTheft,demographics,0.0573220912327622,0.045473644865507014,0.02033643222079159,0.017462684080010678,0.09718149838551371
cookieTheft,full,0.1480180704980358,0.020763918304225474,0.009285906561500063,0.12981769363749568,0.16621844735857594
cookieTheft,linguistic,0.11137647383070774,0.035430117776075666,0.01584483035962577,0.08032060632584123,0.14243234133557425
cookieTheft,linguistic+acoustic,0.1376979961054673,0.021948292527771255,0.009815574816429444,0.11845946946526559,0.156936522745669
journaling,acoustic,0.0528546228408312,0.045805337814575665,0.02048476981714657,0.012704473999223927,0.09300477168243848
journaling,baseline,-0.0070735415759962,0.00809911446074984,0.003622034098357639,-0.014172728408777173,2.5645256784771753e-05
journaling,demographics,0.0573220912327622,0.045473644865507014,0.02033643222079159,0.017462684080010678,0.09718149838551371
journaling,full,0.1425258887592853,0.024660197021320867,0.011028375375642257,0.12091027302302647,0.1641415044955441
journaling,linguistic,0.06664590792352007,0.022001912981170543,0.009839554612186475,0.047360380883634576,0.08593143496340556
journaling,linguistic+acoustic,0.12732242138183386,0.025306983893886116,0.011317627258444336,0.10513987195528296,0.14950497080838476
picnicScene,acoustic,0.08160495755543058,0.04597352230070479,0.020559984205895686,0.041307388511875036,0.12190252659898612
picnicScene,baseline,-0.0070735415759962,0.00809911446074984,0.003622034098357639,-0.014172728408777173,2.5645256784771753e-05
picnicScene,demographics,0.0573220912327622,0.045473644865507014,0.02033643222079159,0.017462684080010678,0.09718149838551371
picnicScene,full,0.16877986104076984,0.031873697755564166,0.01425435097514479,0.14084133312948605,0.19671838895205362
picnicScene,linguistic,0.1328139084652777,0.029194185298227118,0.013056036574912161,0.10722407677844988,0.15840374015210554
picnicScene,linguistic+acoustic,0.15890657354512455,0.03254121081225053,0.014552871889268666,0.13038294464215797,0.18743020244809114
