target,model,threshold_type,auroc_mean,auroc_ci_low,auroc_ci_high,auprc_mean,auprc_ci_low,auprc_ci_high,sensitivity_mean,sensitivity_ci_low,sensitivity_ci_high,specificity_mean,specificity_ci_low,specificity_ci_high,accuracy_mean,accuracy_ci_low,accuracy_ci_high,precision_mean,precision_ci_low,precision_ci_high,f1_mean,f1_ci_low,f1_ci_high,mcc_mean,mcc_ci_low,mcc_ci_high,threshold,task
SemanticFluencyScore,acoustic,baseline_0.50,0.6519099527223727,0.6039650439203714,0.6990927930753966,0.3379321783694011,0.2687003164339508,0.4101676712036963,0.12140105936976892,0.07253459912735205,0.1739256825075834,0.9746888412177835,0.9636240786240786,0.9840495684470106,0.8318407707910751,0.80829107505071,0.8560091277890466,0.49034115376998794,0.34283834586466166,0.6428571428571429,0.1938213885315533,0.12218174204355112,0.26886760752688166,0.17941810879974132,0.09628222648337441,0.26348814656877356,0.5,picnicScene
SemanticFluencyScore,acoustic,max_f1,,,,,,,0.407811111403787,0.21333333333333335,0.6666666666666666,0.7943439750320722,0.524372519705616,0.949461036392405,0.7221233229817676,0.5470212513380175,0.8109281471524259,0.3015998615735032,0.2022358542852824,0.4318560606060606,0.3712420181527309,0.29229166666666667,0.4520692141312184,0.19186110029496528,0.08441923976945814,0.30771009614921574,,picnicScene
SemanticFluencyScore,acoustic,recall>=0.80,,,,,,,0.7631832550239972,0.6323335913312693,0.8902917264466762,0.3553829167070951,0.1867021276595745,0.5304234268516277,0.4314939304550071,0.3139457916923223,0.5565199144173797,0.18831655894287666,0.13903710708230077,0.25,0.3341429981208946,0.27250146637122,0.4,0.09813458580468706,-0.0011402536317803912,0.19826138877497282,,picnicScene
