task,target,model,criterion,threshold,precision,recall,f1
picnicScene,SemanticFluencyScore,acoustic,max_f1,0.3022458917314402,0.2920353982300885,0.4520547945205479,0.3548387096774193
picnicScene,SemanticFluencyScore,acoustic,recall>=0.80,0.1445697878778719,0.1826625386996904,0.8082191780821918,0.3286384976525822
