target,model,threshold_type,auroc_mean,auroc_ci_low,auroc_ci_high,auprc_mean,auprc_ci_low,auprc_ci_high,sensitivity_mean,sensitivity_ci_low,sensitivity_ci_high,specificity_mean,specificity_ci_low,specificity_ci_high,accuracy_mean,accuracy_ci_low,accuracy_ci_high,precision_mean,precision_ci_low,precision_ci_high,f1_mean,f1_ci_low,f1_ci_high,mcc_mean,mcc_ci_low,mcc_ci_high,threshold,task
PhonemicFluencyScore,demographics,baseline_0.50,0.5470920544336779,0.496815092895488,0.5978815729711763,0.17084890015428267,0.13734860505574276,0.21207784480945008,0.19461582988092352,0.13332167832167832,0.2611781180828477,0.8442547805926772,0.8210001635074352,0.8684921453054334,0.749341784989858,0.7231237322515213,0.7758620689655172,0.17613322114218397,0.12116195063214935,0.2384251738931234,0.184417576045991,0.12880076750879438,0.24333791705869579,0.037270217803863255,-0.026664552835949665,0.10318934219422628,0.5,picnicScene
PhonemicFluencyScore,demographics,max_f1,,,,,,,0.8484985980036832,0.2631265664160401,1.0,0.22636713691708935,0.027488175675675686,0.8169892076976422,0.31822671550197623,0.15289100265086542,0.7373802541544476,0.15961850206266084,0.12367066152642754,0.22523975588491715,0.26414710786511353,0.21769970056257942,0.31630232384924767,0.07206484214532233,-0.01815596128198174,0.17995565821457468,,picnicScene
PhonemicFluencyScore,demographics,recall>=0.80,,,,,,,0.8668560409410252,0.7605492957746479,0.9411977834612105,0.21443913598672357,0.13441049184832388,0.39493124684770775,0.3111985923571326,0.24352720177073625,0.4503904974303442,0.1430490914805497,0.11158521760272308,0.18159149035108113,0.2717276735856519,0.21852264830046988,0.3277519625039537,0.07046839535776465,-0.020393121651700218,0.15700369129724587,,picnicScene
