target,model,threshold_type,auroc_mean,auroc_ci_low,auroc_ci_high,auprc_mean,auprc_ci_low,auprc_ci_high,sensitivity_mean,sensitivity_ci_low,sensitivity_ci_high,specificity_mean,specificity_ci_low,specificity_ci_high,accuracy_mean,accuracy_ci_low,accuracy_ci_high,precision_mean,precision_ci_low,precision_ci_high,f1_mean,f1_ci_low,f1_ci_high,mcc_mean,mcc_ci_low,mcc_ci_high,threshold,task
PhonemicFluencyScore,linguistic,baseline_0.50,0.5696503061967176,0.5164356697697866,0.6234530846269879,0.20305982407276874,0.15676484657918188,0.2555225849971155,0.006680454710533815,0.0,0.021739130434782608,0.9988819895052212,0.9963723206783175,1.0,0.8539066937119676,0.8316430020283976,0.8752535496957403,0.5123080472499076,0.0,1.0,0.013103977700862746,0.0,0.04225352112676056,0.040462803926908764,-0.02191811717938685,0.1304581600774645,0.5,picnicScene
PhonemicFluencyScore,linguistic,max_f1,,,,,,,0.7380570035112166,0.2948529411764706,1.0,0.3605217697469727,0.013888086989992303,0.832607070207268,0.41653374842015173,0.14193001094585025,0.7567581732676073,0.17516714323132015,0.12474404644105812,0.2602241931510224,0.2698938745031287,0.21650871884963238,0.329231381919554,0.08875155870935054,0.0034434488544612535,0.19677344518276244,,picnicScene
PhonemicFluencyScore,linguistic,recall>=0.80,,,,,,,0.9161560295025276,0.7970369267421085,0.982158251231527,0.17784946203873153,0.1042616733415191,0.279823415732246,0.28732857590263894,0.22058823529411764,0.3684361477307034,0.1423598607080317,0.10917888563049855,0.18184789067142007,0.27565647296102974,0.22168663382868595,0.32750223674485546,0.09001333117713407,0.0030774681820498217,0.16787727973037614,,picnicScene
