model,r2_mean,r2_std,r2_se,r2_ci_low,r2_ci_high,rmse_mean,mae_mean
baseline,-0.00603039109415322,0.005547923186420449,0.0024811066757566723,-0.010893360178636298,-0.0011674220096701427,5.686029123205207,4.523210385371769
demographics,0.07111691313777299,0.02229806810182547,0.00997199920852029,0.05157179468907322,0.09066203158647276,5.463356609086342,4.30171947186939
linguistic,-0.05918690008545209,0.28672790139854004,0.1282286157145985,-0.31051498688606516,0.192141186715161,5.699303838166277,4.2405787958621435
acoustic,0.025152313884709177,0.2507689896365405,0.11214730149524896,-0.19465639704597879,0.24496102481539714,5.55406670366496,4.1962188567468335
linguistic+acoustic,-0.08517903223522232,0.4600695994716645,0.20574937975994861,-0.4884478165647216,0.3180897520942769,5.7118137293844615,4.107510032583352
full,-0.08517903223521706,0.46006959947165427,0.20574937975994403,-0.48844781656470737,0.31808975209427326,5.711813729384451,4.107510032583351
