target,model,A,B,mean_diff,ci_low,ci_high,p_raw,p_adj,n_subjects
PhonemicFluencyScore,full,picnicScene,journaling,0.01818098277962514,-0.009337483032604642,0.04290344439362529,0.162,0.81,970
PhonemicFluencyScore,full,picnicScene,cookieTheft,0.005764804526035009,-0.015871241687640324,0.027248372194312268,0.564,1.0,970
PhonemicFluencyScore,full,cookieTheft,journaling,0.012416178253590133,-0.017445668204464315,0.03971126395948701,0.381,1.0,970
PictureNamingScore,full,picnicScene,journaling,0.14775946782433608,0.09010481941885778,0.20594248427222275,0.0,0.0,959
PictureNamingScore,full,cookieTheft,journaling,0.09596518971362894,0.04767163823782901,0.14961533146253858,0.0,0.0,959
PictureNamingScore,full,picnicScene,cookieTheft,0.051794278110707116,0.01233428170705533,0.09611194394010444,0.017,0.11900000000000001,959
SemanticFluencyScore,full,picnicScene,cookieTheft,0.02750949361790236,-0.001675037010514274,0.056636172650636744,0.06,0.36,970
SemanticFluencyScore,full,picnicScene,journaling,0.023886229194068066,-0.012931429872653244,0.0561097340568289,0.165,0.81,970
SemanticFluencyScore,full,cookieTheft,journaling,-0.0036232644238342973,-0.04172796757590877,0.032854469117792044,0.851,1.0,970
