task,target,model,threshold_type,auroc,auprc,sensitivity,specificity,accuracy,precision,npv,f1,balanced_accuracy,mcc,tp,fp,tn,fn,threshold,best_threshold,J,recall
picnicScene,PictureNamingScore,acoustic+linguistic,baseline_predict,0.7468029074054567,0.43790092300166894,0.18181818181818182,0.9930475086906141,0.9013360739979445,0.7692307692307693,0.9049630411826821,0.29411764705882354,0.587432845254398,0.3433560341609048,20,6,857,90,,,,
picnicScene,PictureNamingScore,acoustic+linguistic,youdenJ,0.7468029074054567,,0.6090909090909091,0.8493626882966396,0.8221993833504625,0.3401015228426396,0.9445876288659794,0.4364820846905538,0.7292267986937744,0.36127104193116,67,130,733,43,0.21743439329653014,0.21743439329653014,0.45845359738754876,
picnicScene,PictureNamingScore,acoustic+linguistic,max_f1,0.7468029074054567,,0.6,0.8563151796060255,0.8273381294964028,0.3473684210526316,0.9438058748403576,0.44,0.7281575898030128,0.36450960361431817,66,124,739,44,0.22066573572638004,0.22066573572638004,,0.6
picnicScene,PictureNamingScore,acoustic+linguistic,recall>=0.80,0.7468029074054567,,0.8,0.5005793742757821,0.5344295991778006,0.16955684007707128,0.9515418502202643,0.27980922098569155,0.6502896871378911,0.19078723373221246,88,431,432,22,0.11383808733863476,,,0.8
