target,model,threshold_type,auroc_mean,auroc_ci_low,auroc_ci_high,auprc_mean,auprc_ci_low,auprc_ci_high,sensitivity_mean,sensitivity_ci_low,sensitivity_ci_high,specificity_mean,specificity_ci_low,specificity_ci_high,accuracy_mean,accuracy_ci_low,accuracy_ci_high,precision_mean,precision_ci_low,precision_ci_high,f1_mean,f1_ci_low,f1_ci_high,mcc_mean,mcc_ci_low,mcc_ci_high,threshold,task
PictureNamingScore,demographics,baseline_0.50,0.5482972728533785,0.4913488006703932,0.6098405185028194,0.19730405535446396,0.13510973746793656,0.2685056256587203,0.23607371865952093,0.16064379699248127,0.3148273273273273,0.8625831517102392,0.8404133180252583,0.8851917988274156,0.7918429158110882,0.7679671457905544,0.8151950718685832,0.1793237876198474,0.11918812852587689,0.24162637041977572,0.20319645405584755,0.13844827586206898,0.26718763302023324,0.08764181928885403,0.0148241572976783,0.1577962941759414,0.5,picnicScene
PictureNamingScore,demographics,max_f1,,,,,,,0.3494492206534917,0.09081027667984198,0.9500403225806451,0.7314924526745707,0.09285052910052911,0.967458547438682,0.6862173742433622,0.18976545842217485,0.8731486202527734,0.24791827001343586,0.105703005797986,0.5004999999999995,0.255434296478347,0.18347997925496717,0.35296380090497737,0.08159613027903115,-0.025473283431614736,0.20499233017707527,,picnicScene
PictureNamingScore,demographics,recall>=0.80,,,,,,,0.8678826241771177,0.7272727272727273,0.9622641509433962,0.2057226066530964,0.13774259703881553,0.3341759208356239,0.28492622153208597,0.22290497448979593,0.38963756443298964,0.108217042735033,0.08026592731634717,0.14012826961770622,0.22447735350709655,0.17387937668333978,0.27586206896551724,0.060418111819155004,-0.017743053073016275,0.12894961573764252,,picnicScene
