target,model,threshold_type,auroc_mean,auroc_ci_low,auroc_ci_high,auprc_mean,auprc_ci_low,auprc_ci_high,sensitivity_mean,sensitivity_ci_low,sensitivity_ci_high,specificity_mean,specificity_ci_low,specificity_ci_high,accuracy_mean,accuracy_ci_low,accuracy_ci_high,precision_mean,precision_ci_low,precision_ci_high,f1_mean,f1_ci_low,f1_ci_high,mcc_mean,mcc_ci_low,mcc_ci_high,threshold,task
PhonemicFluencyScore,linguistic+acoustic,baseline_0.50,0.5875442113405029,0.5331957225150407,0.6415860326965961,0.2211116512314306,0.16911866908594983,0.2790569935863457,0.020885444517614246,0.0,0.04896950875211743,0.9988529765568299,0.9963721002923187,1.0,0.8559614604462474,0.8336713995943205,0.8772819472616633,0.7599300489973273,0.0,1.0,0.04039247959430679,0.0,0.09333918128654971,0.10600538668109584,-0.011926732320393417,0.19817500355106119,0.5,picnicScene
PhonemicFluencyScore,linguistic+acoustic,max_f1,,,,,,,0.6784196684382086,0.1856868131868132,1.0,0.46138837353419143,0.010386939538610493,0.9271866725507503,0.49372539519818787,0.1425697389991933,0.8207739307535642,0.19418898111128732,0.1275944203437979,0.3243622836319465,0.27651696546380056,0.21835908260221595,0.33725364603862823,0.11299045904207199,-0.04833286529204502,0.2387229602488334,,picnicScene
PhonemicFluencyScore,linguistic+acoustic,recall>=0.80,,,,,,,0.9176095234162931,0.8218922510734001,0.9857142857142858,0.16684582146664875,0.048540750840405274,0.31858713646303827,0.2781694784429934,0.1799914518916137,0.3995948099649925,0.14625380621401235,0.1097231853521277,0.18520036429872494,0.2738670281292438,0.21765698968151007,0.3313401445696178,0.07946121303929786,-0.03256708153867123,0.16991299996887269,,picnicScene
