target,model,threshold_type,auroc_mean,auroc_ci_low,auroc_ci_high,auprc_mean,auprc_ci_low,auprc_ci_high,sensitivity_mean,sensitivity_ci_low,sensitivity_ci_high,specificity_mean,specificity_ci_low,specificity_ci_high,accuracy_mean,accuracy_ci_low,accuracy_ci_high,precision_mean,precision_ci_low,precision_ci_high,f1_mean,f1_ci_low,f1_ci_high,mcc_mean,mcc_ci_low,mcc_ci_high,threshold,task
PhonemicFluencyScore,full,baseline_0.50,0.5823438928752431,0.5321235095104573,0.6357153781083809,0.21332537596423637,0.16447966812395517,0.27005716343016867,0.020885444517614246,0.0,0.04896950875211743,0.9988529765568299,0.9963721002923187,1.0,0.8559614604462474,0.8336713995943205,0.8772819472616633,0.7599300489973273,0.0,1.0,0.04039247959430679,0.0,0.09333918128654971,0.10600538668109584,-0.011926732320393417,0.19817500355106119,0.5,picnicScene
PhonemicFluencyScore,full,max_f1,,,,,,,0.6792268459269389,0.3538028169014085,1.0,0.45974822106366664,0.004962779156327543,0.7785478461377212,0.49249885153555867,0.14343414221900277,0.7359505666653773,0.18662068733805343,0.12733953010570967,0.2647058823529412,0.2765674941081976,0.21999645390070924,0.3333720930232558,0.11249395765162495,0.010554573599365047,0.23329728319198723,,picnicScene
PhonemicFluencyScore,full,recall>=0.80,,,,,,,0.9004586738790292,0.7760712566201252,0.9846153846153847,0.17870766937580926,0.08856212882594794,0.34874442405643963,0.2857147191998592,0.2138610836643746,0.4193641979160167,0.14507035653146216,0.11240407133849757,0.18271837349397588,0.2719663323787925,0.21889400086943922,0.326076500637431,0.0755121723184177,-0.001652257805240162,0.15112658605528034,,picnicScene
