group_col,A,B,mean_diff,ci_low,ci_high,p_raw,p_adj
Gender_label,f,m,-0.32305888456372983,-0.7394701783915077,0.08131171850169573,0.122,0.122
Country_label,uk,usa,0.16146189306692849,-0.21622408298953213,0.5758233697326702,0.419,0.419
AgeGroup2,<65,≥65,-0.23573639389054388,-0.6470553438029767,0.14384403225828907,0.23,0.23
