group_col,A,B,mean_diff,ci_low,ci_high,p_raw,p_adj
Gender_label,f,m,-0.5396954749982835,-1.1274209725912836,0.014354447489071847,0.056,0.056
Country_label,uk,usa,0.17894932129675692,-0.34402509876514026,0.7235125886648303,0.537,0.537
AgeGroup2,<65,≥65,-0.31491868258879724,-0.8973448745193614,0.21765689340216118,0.233,0.233
