group_col,A,B,mean_diff,ci_low,ci_high,p_raw,p_adj
Gender_label,f,m,0.03532439747534826,-0.04061267388878362,0.11191554623848932,0.41,0.41
Country_label,uk,usa,-0.04936451928806646,-0.12982192656566607,0.02837840185215027,0.235,0.235
AgeGroup2,<65,≥65,0.06266253759815929,-0.009252544811802524,0.13614296064304257,0.093,0.093
