Gender_label,n_subjects,R2_mean,R2_ci_low,R2_ci_high,MAE_mean,MAE_ci_low,MAE_ci_high,RMSE_mean,RMSE_ci_low,RMSE_ci_high,var_pred,mean_error,group_col,Country_label,AgeGroup2
f,592,0.19916459789590601,0.15252903128658493,0.2462784291990296,3.9116339425213393,3.6648453031294213,4.141123763690012,4.881066750320438,4.54671118167419,5.194684891467688,3.821379099391372,0.20875839739312088,Gender_label,,
m,378,0.16384020042055775,0.10070523062938086,0.22242936290925092,4.234692827085069,3.9023691234380933,4.575304042714814,5.420762225318722,4.948652755550221,5.888480133228854,5.221328230033592,-0.4505008838843604,Gender_label,,
,491,0.1283823844757395,0.07842692066589366,0.1756208984302549,4.1205616894995,3.836052589921241,4.4131365774610165,5.188180968378778,4.797622315147818,5.573824758175915,3.4359229449163937,0.5490059955880047,Country_label,uk,
,479,0.18175167876563386,0.11969374097546838,0.240724116384975,3.9512538354981706,3.6865943181272587,4.226251266971651,5.003271707324968,4.624958906132586,5.389896957340435,4.725662143124412,-0.6602636882782276,Country_label,usa,
,566,0.2098676936807925,0.15987624851237237,0.2576332811029736,3.9343385390114913,3.697667162275567,4.183363836260478,4.961238873767219,4.635032786754878,5.296160260261309,4.56265757594709,0.26215126202092676,AgeGroup2,,<65
,404,0.14624841575252537,0.08711338138035912,0.19888757490391673,4.1656159009691205,3.855033243839012,4.515889913365992,5.26752844549001,4.838468042009191,5.739033301917148,4.074847371546661,-0.48287618107773556,AgeGroup2,,≥65
