group_col,A,B,mean_diff,ci_low,ci_high,p_raw,p_adj
Gender_label,f,m,0.04212071276870983,-0.03404690564745169,0.11780314788617989,0.318,0.318
Country_label,uk,usa,-0.04238737866542138,-0.1214337801722314,0.03460705405238332,0.287,0.287
AgeGroup2,<65,≥65,0.06508086437205145,-0.009074584803921273,0.14130023946327824,0.09,0.09
