Gender_label,n_subjects,R2_mean,R2_ci_low,R2_ci_high,MAE_mean,MAE_ci_low,MAE_ci_high,RMSE_mean,RMSE_ci_low,RMSE_ci_high,var_pred,mean_error,group_col,Country_label,AgeGroup2
f,592,0.19590370924746459,0.14926461956437884,0.24210098593783227,3.929515601443125,3.6904361942981945,4.157268599946415,4.89099218538582,4.557527695637452,5.200433118020048,3.79767918983409,0.2399621118585755,Gender_label,,
m,378,0.15378299647875474,0.09079862477489996,0.21660108562397656,4.273627680977456,3.932439833208588,4.604627342428668,5.4532673997567676,4.992519129041387,5.923915663619259,5.12878416623198,-0.43458029607029514,Gender_label,,
,491,0.12587409845442687,0.07433318114664052,0.17460674431597784,4.138483809939887,3.855303313007358,4.428641310839266,5.195663178322424,4.814466617325942,5.576509543752341,3.4561779561860617,0.5821675907695393,Country_label,uk,
,479,0.17201616935345815,0.10872597721150591,0.2308724488893133,3.9837147813321248,3.7181177629119024,4.256947554047755,5.032876048501122,4.654393148418603,5.430846824647738,4.615860566832105,-0.6431274921965316,Country_label,usa,
,566,0.2047444518999677,0.15546921559371682,0.2530035169585649,3.9589648175259966,3.719625888521226,4.208311194995286,4.977276123982427,4.6519064001189765,5.3144380888551614,4.483949050665037,0.27435300961317666,AgeGroup2,,<65
,404,0.13901360049967917,0.08320847318331642,0.1930758016616612,4.192763572864411,3.8783148129281937,4.544315260221482,5.289883332156369,4.852792691134924,5.7640554054692315,4.0430326806735115,-0.4393504582558239,AgeGroup2,,≥65
