group_col,A,B,mean_diff,ci_low,ci_high,p_raw,p_adj
Gender_label,f,m,-0.562275214370947,-1.146294466693568,0.010439136488737863,0.054,0.054
Country_label,uk,usa,0.1575534552717153,-0.3638244883026667,0.7113319210601485,0.589,0.589
AgeGroup2,<65,≥65,-0.32226510883974013,-0.9127551242138252,0.1971075671974481,0.232,0.232
