group_col,A,B,mean_diff,ci_low,ci_high,p_raw,p_adj
Gender_label,f,m,-0.34411207953433254,-0.7551102607456347,0.05097299549568209,0.101,0.101
Country_label,uk,usa,0.14809958717407518,-0.23171545479200195,0.5675300478884346,0.453,0.453
AgeGroup2,<65,≥65,-0.2389620882406913,-0.6500734730095142,0.13312702474943994,0.213,0.213
