model,r2_mean,r2_std,r2_se,r2_ci_low,r2_ci_high,rmse_mean,mae_mean
baseline,-0.010263309241886587,0.013160144294226107,0.005885395447119113,-0.02179868431824005,0.0012720658344668751,2.722409989352142,1.930925868419428
demographics,-0.011459561391199325,0.04100081353976284,0.018336121241540698,-0.04739835902461909,0.024479236242220447,2.7216383933500565,1.9255414731896863
linguistic,0.11457119783215224,0.17560295036427725,0.07853202681280907,-0.03935157472095356,0.268493970385258,2.43102307463493,1.7639086814087293
acoustic,-0.0377857881938195,0.2887768445401567,0.12914493094393587,-0.2909098528439338,0.21533827645629477,2.710610791246596,1.9344600248029156
linguistic+acoustic,0.012702881130049647,0.24176263647499635,0.10811953791553239,-0.19921141318439384,0.2246171754444931,2.5639163810114747,1.8791132338495804
full,0.0018368606558928579,0.2503176974959784,0.1119454775144473,-0.21757627527242385,0.22124999658420957,2.576288879352888,1.8914157633850202
