target,model,threshold_type,auroc_mean,auroc_ci_low,auroc_ci_high,auprc_mean,auprc_ci_low,auprc_ci_high,sensitivity_mean,sensitivity_ci_low,sensitivity_ci_high,specificity_mean,specificity_ci_low,specificity_ci_high,accuracy_mean,accuracy_ci_low,accuracy_ci_high,precision_mean,precision_ci_low,precision_ci_high,f1_mean,f1_ci_low,f1_ci_high,mcc_mean,mcc_ci_low,mcc_ci_high,threshold,task
SemanticFluencyScore,full,baseline_0.50,0.7142461915394753,0.66520843567516,0.7594454655969038,0.39584633327112795,0.3228964244003946,0.4705698223968056,0.12779019303638933,0.08064052651093809,0.18345141700404854,0.9817948605689278,0.9722841121768628,0.9904654059883872,0.8388275862068965,0.8144016227180527,0.8610547667342799,0.585913238194323,0.42424242424242425,0.7501689189189188,0.20897742357770033,0.13887578616352203,0.2872603986965689,0.21750125514282617,0.13306003981910983,0.3039146394155007,0.5,picnicScene
SemanticFluencyScore,full,max_f1,,,,,,,0.44746130130989975,0.18292355100970364,0.8100796703296703,0.8406878713313481,0.5724585805552952,0.9607855936108125,0.7673289566600142,0.6112176850763807,0.8395861164122137,0.3676679996886449,0.2154455909943715,0.5438995215311004,0.40179326604785975,0.31403806836179343,0.496655933584203,0.29089891375946647,0.17707380702033979,0.40032461008450404,,picnicScene
SemanticFluencyScore,full,recall>=0.80,,,,,,,0.882748441072587,0.7521570796460177,0.9690721649484536,0.3744689060319241,0.15639440165876778,0.6147909478384412,0.4692216511849943,0.301009600960096,0.646945701357466,0.19627796572763237,0.13491549469528744,0.26958534621578095,0.3869939532377292,0.3067716528842613,0.47594219505984214,0.215662103440183,0.09201663796816113,0.3390714641209085,,picnicScene
