task,target,model,criterion,threshold,precision,recall,f1
picnicScene,SemanticFluencyScore,full,max_f1,0.31320750375128775,0.35714285714285715,0.410958904109589,0.3821656050955414
picnicScene,SemanticFluencyScore,full,recall>=0.80,0.132523083877332,0.17933130699088146,0.8082191780821918,0.37272727272727274
