target,task,model,metric,estimate,ci_low,ci_high,n_subjects,n_boot
PhonemicFluencyScore,picture_description,full,r2,0.05959983677022174,0.02649661952119697,0.0861877562512043,988,1000
PhonemicFluencyScore,picture_description,full,rmse,4.485594405444827,4.268048210082127,4.719017309732085,988,1000
PhonemicFluencyScore,picture_description,full,mae,3.567807118150596,3.399187721955012,3.725949711393701,988,1000
PhonemicFluencyScore,picture_description_1min,full,r2,0.06536452750909649,0.03335982014331701,0.0904415018665911,988,1000
PhonemicFluencyScore,picture_description_1min,full,rmse,4.471824834143946,4.265125778932235,4.694801946300527,988,1000
PhonemicFluencyScore,picture_description_1min,full,mae,3.571990107502966,3.4045038370963505,3.7331945362041634,988,1000
PhonemicFluencyScore,picture_description_2min,full,r2,0.058343263676510215,0.026612521645872016,0.0853716494926639,988,1000
PhonemicFluencyScore,picture_description_2min,full,rmse,4.488590255422111,4.273370285194982,4.712052902688211,988,1000
PhonemicFluencyScore,picture_description_2min,full,mae,3.5745694313654526,3.406469496104958,3.741215948974426,988,1000
