target,task,model,metric,estimate,ci_low,ci_high,n_subjects,n_boot
SemanticFluencyScore,picture_description,full,r2,0.19879111930083193,0.15657397913000418,0.23298814434240506,988,1000
SemanticFluencyScore,picture_description,full,rmse,5.090866448797828,4.847062932229528,5.389615217684016,988,1000
SemanticFluencyScore,picture_description,full,mae,4.005489316803812,3.822254384967816,4.203639636812678,988,1000
SemanticFluencyScore,picture_description_1min,full,r2,0.15509188120347794,0.11641069674043296,0.18838885972589983,988,1000
SemanticFluencyScore,picture_description_1min,full,rmse,5.227855422539177,4.962368189061462,5.516935497782709,988,1000
SemanticFluencyScore,picture_description_1min,full,mae,4.121042592316772,3.924855088753059,4.331810098093923,988,1000
SemanticFluencyScore,picture_description_2min,full,r2,0.18724442926244989,0.14744497790889255,0.2219771182472461,988,1000
SemanticFluencyScore,picture_description_2min,full,rmse,5.127418952767428,4.883232507471657,5.414220938819218,988,1000
SemanticFluencyScore,picture_description_2min,full,mae,4.058193832881745,3.8700721727395773,4.255175457752942,988,1000
