model,r2_mean,r2_std,r2_se,r2_ci_low,r2_ci_high,rmse_mean,mae_mean
baseline,-0.010299473719773244,0.01325326808983637,0.0059270416745805824,-0.021916475401951185,0.0013175279624046965,2.7232666120564035,1.931680639795811
demographics,-0.011416780588952458,0.04177970767820526,0.018684453289707373,-0.04803830903677891,0.025204747858873992,2.7223042175336096,1.926338082090449
linguistic,0.11898277199356526,0.21707010896550852,0.09707670390603272,-0.07128756766225887,0.3092531116493894,2.4967514772521824,1.8198684565471897
acoustic,0.06667428051075171,0.09584920828897896,0.04286506906473865,-0.01734125485613605,0.15068981587763947,2.6080019358681357,1.8732043926237705
linguistic+acoustic,0.13015694856884816,0.22045126557489583,0.09858880311026526,-0.06307710552727175,0.32339100266496806,2.48237922280451,1.8267436701500785
full,0.1247275755062319,0.22787631716319362,0.10190938712784059,-0.07501482326433564,0.32446997427679947,2.4883593510158475,1.8303402388144303
