model,r2_mean,r2_std,r2_se,r2_ci_low,r2_ci_high,rmse_mean,mae_mean
baseline,-0.0022889705867487732,0.0013953141644220647,0.000624003464323211,-0.003512017376822267,-0.0010659237966752797,4.640000136086185,3.703943272776526
demographics,-0.20274721614199032,0.04303361785029566,0.019245218966201894,-0.24046784531574603,-0.1650265869682346,5.0831329536804954,4.060827265087935
linguistic,-0.040459078860853245,0.06318191281338166,0.028255810399837274,-0.0958404672445343,0.01492230952282781,4.703180868942707,3.724271955494147
acoustic,-0.059140237939724026,0.035337171276194186,0.01580326342122464,-0.09011463424532432,-0.028165841634123733,4.774905746696672,3.838647101726302
linguistic+acoustic,0.0010086825560259305,0.026455083154815512,0.011831072856915415,-0.02218022024352828,0.024197585355580142,4.616652015998575,3.6498815820971253
full,0.010541036357419497,0.03269232971027098,0.014620454315000383,-0.018115054099981254,0.03919712681482025,4.59435688625781,3.6216989487924005
