model,r2_mean,r2_std,r2_se,r2_ci_low,r2_ci_high,rmse_mean,mae_mean
baseline,-0.0055738025502201525,0.005563106950608558,0.00248789706153246,-0.010450080790823775,-0.0006975243096165309,5.7009554058816665,4.537734185565528
demographics,-0.10386021340687077,0.02507839821986079,0.011215400637283688,-0.1258423986559468,-0.08187802815779474,5.971865920719004,4.6337148217643325
linguistic,0.0035469809724974375,0.01140768578681283,0.005101672177054332,-0.006452296494529054,0.01354625843952393,5.64976332698273,4.416560636497824
acoustic,0.006070094652404734,0.0429531572497286,0.01920923589172621,-0.03158000769537864,0.0437201970001881,5.6646393631389405,4.43992556257263
linguistic+acoustic,0.08094101224806609,0.021582804643014028,0.00965212366537549,0.06202284986393013,0.09985917463220205,5.422584283758885,4.236164476610636
full,0.09159280324012686,0.023765076267626938,0.010628065204976164,0.07076179543837358,0.11242381104188015,5.392085213545352,4.1991548459016075
