model,r2_mean,r2_std,r2_se,r2_ci_low,r2_ci_high,rmse_mean,mae_mean
baseline,-0.010706001601138392,0.013587653859855246,0.006076583537074746,-0.022616105333804894,0.0012041021315281099,2.728864783931099,1.9361317712038528
demographics,-0.18576032060517855,0.15429643965313833,0.06900346555012227,-0.3210071130834182,-0.050513528126938906,2.9390722957503117,2.1466657716701043
linguistic,-0.012127623163677126,0.12962166620745375,0.05796857139933078,-0.12574602310636546,0.1014907767790112,2.4857360553748924,1.808711974007829
acoustic,-0.06566096974404603,0.06438035424420632,0.028791769701112486,-0.12209283835822651,-0.00922910112986556,2.8009369734699012,2.0210853819719796
linguistic+acoustic,0.033361153650485975,0.09500145536559337,0.04248594243177578,-0.049911293515794555,0.1166336008167665,2.435905664154807,1.7794130181037886
full,0.03367069569587768,0.09570295463852219,0.04279966244386288,-0.05021664269409356,0.11755803408584892,2.4349343249454396,1.772450253103924
