task,target,R2,RMSE,MAE
cookieTheft,PhonemicFluencyScore,-0.15144383843231135,4.759129641996445,3.7995215172699157
