task,target,R2,RMSE,MAE
cookieTheft,PhonemicFluencyScore,-0.0022303888226125057,4.527361642068542,3.620349847008349
