model,r2_mean,r2_std,r2_se,r2_ci_low,r2_ci_high,rmse_mean,mae_mean
baseline,-0.0025343762602617836,0.00149575986700884,0.0006689241481295622,-0.0038454675905957255,-0.0012232849299278416,4.626696503266804,3.692427668689325
demographics,0.011046532437908384,0.008260216884252188,0.0036940812924158807,0.0038061331047732584,0.01828693177104351,4.595314047392405,3.666291551101204
linguistic,-0.01332774511070418,0.027025916791044262,0.012086357419805589,-0.03701700565352313,0.010361515432114773,4.657750846030346,3.687348564002542
acoustic,0.041396859346146585,0.011113491064920135,0.00497010429769959,0.03165545492265539,0.05113826376963778,4.533873185965338,3.6206085307286884
linguistic+acoustic,0.01969354141374291,0.042071903810936465,0.018815127372817278,-0.017184108236978954,0.056571191064464774,4.587409626022413,3.6387540342873144
full,0.016636929129929912,0.04410840458199519,0.01972587820488089,-0.022025792151636626,0.055299650411496454,4.594420899564627,3.6496443103925698
