model,r2_mean,r2_std,r2_se,r2_ci_low,r2_ci_high,rmse_mean,mae_mean
baseline,-0.010263309241886587,0.013160144294226107,0.005885395447119113,-0.02179868431824005,0.0012720658344668751,2.722409989352142,1.930925868419428
demographics,-0.011459561391199325,0.04100081353976284,0.018336121241540698,-0.04739835902461909,0.024479236242220447,2.7216383933500565,1.9255414731896863
linguistic,0.11457119783215224,0.17560295036427725,0.07853202681280907,-0.03935157472095356,0.268493970385258,2.43102307463493,1.7639086814087293
acoustic,0.09412661158407414,0.0906678809449666,0.04054790903376063,0.014652709877903292,0.17360051329024498,2.5695199436909197,1.862792333579017
linguistic+acoustic,0.10673136906974265,0.17651815974173352,0.07894132088913657,-0.04799361987296502,0.2614563580124503,2.446975760336217,1.784228448479039
full,0.10650106408129911,0.18348732234477483,0.08205802515446652,-0.054332665221455245,0.26733479338405347,2.44580861056082,1.7792213846437952
