target,model,threshold_type,auroc_mean,auroc_ci_low,auroc_ci_high,auprc_mean,auprc_ci_low,auprc_ci_high,sensitivity_mean,sensitivity_ci_low,sensitivity_ci_high,specificity_mean,specificity_ci_low,specificity_ci_high,accuracy_mean,accuracy_ci_low,accuracy_ci_high,precision_mean,precision_ci_low,precision_ci_high,f1_mean,f1_ci_low,f1_ci_high,mcc_mean,mcc_ci_low,mcc_ci_high,threshold,task
PictureNamingScore,linguistic+acoustic,baseline_0.50,0.7497357402884889,0.6920681948435655,0.8015557594546063,0.4306217663761569,0.3393824386617117,0.5222417430119665,0.19077428826822307,0.125,0.2653248455345441,0.9920611321057938,0.9858526776644185,0.9976553341148886,0.9016006160164272,0.8829312114989734,0.9188911704312115,0.7539791518830644,0.5925925925925926,0.9090909090909091,0.3030268115803533,0.2097873900293255,0.402374806401652,0.34613412271943605,0.25445293544632747,0.4423323106411943,0.5,picnicScene
PictureNamingScore,linguistic+acoustic,max_f1,,,,,,,0.4182422572553183,0.19030612244897974,0.7605791465209165,0.9204731476187473,0.7317443977591037,0.9904545944138006,0.8604970676194142,0.730089015134175,0.9148566458962499,0.43002608753460203,0.23075539568345327,0.6818779904306219,0.41750710422172405,0.31166309418736604,0.527153488372093,0.3612033289129538,0.23423043028591586,0.49054922829352693,,picnicScene
PictureNamingScore,linguistic+acoustic,recall>=0.80,,,,,,,0.8943776281659133,0.6665254237288136,1.0,0.3532473933116305,0.15741044440156934,0.7403857002959147,0.41778746871050815,0.24804405023243803,0.7309925196694388,0.14188789354590914,0.08808082901554404,0.24511812921890064,0.2744482820449726,0.20174197285666998,0.38393820028011205,0.177595235168262,0.08678928287359544,0.3020419640508097,,picnicScene
