target,model,threshold_type,auroc_mean,auroc_ci_low,auroc_ci_high,auprc_mean,auprc_ci_low,auprc_ci_high,sensitivity_mean,sensitivity_ci_low,sensitivity_ci_high,specificity_mean,specificity_ci_low,specificity_ci_high,accuracy_mean,accuracy_ci_low,accuracy_ci_high,precision_mean,precision_ci_low,precision_ci_high,f1_mean,f1_ci_low,f1_ci_high,mcc_mean,mcc_ci_low,mcc_ci_high,threshold,task
SemanticFluencyScore,linguistic,baseline_0.50,0.6940369501190318,0.649360226413359,0.7378722558551948,0.3652660356420137,0.2928009081515254,0.4353703094634197,0.1389775327944199,0.08973214285714287,0.19375473484848485,0.9794905275069874,0.9692477966703218,0.9890380922321896,0.8387860040567952,0.8164300202839757,0.8620689655172413,0.5772153049282552,0.4192368214004722,0.7335714285714283,0.22313979158345512,0.15053006209298805,0.29958222167069964,0.22428066628401472,0.13924906554453714,0.308560891362754,0.5,picnicScene
SemanticFluencyScore,linguistic,max_f1,,,,,,,0.4633073561953796,0.14453528399311535,0.8383919843597263,0.768231653262386,0.5104684914412826,0.9759640957446808,0.7114672032409143,0.5658937438362124,0.8227461013645223,0.3304305091465279,0.2038729878535704,0.5760695187165773,0.37890939530310996,0.3033103547321557,0.465535752062619,0.21519537668597108,0.10128484430101169,0.3223254906661234,,picnicScene
SemanticFluencyScore,linguistic,recall>=0.80,,,,,,,0.8750857812151149,0.771078062248996,0.9578947368421052,0.3719343342084839,0.2051056338028169,0.5485800970873785,0.4656645231862608,0.33189761199389534,0.6012292074363992,0.19324852094918013,0.14238567609399186,0.2556997332039776,0.3808627670379064,0.3090656565656566,0.4631267175572519,0.20616199860353743,0.10057504651003345,0.3136318405538214,,picnicScene
