target,model,threshold_type,auroc_mean,auroc_ci_low,auroc_ci_high,auprc_mean,auprc_ci_low,auprc_ci_high,sensitivity_mean,sensitivity_ci_low,sensitivity_ci_high,specificity_mean,specificity_ci_low,specificity_ci_high,accuracy_mean,accuracy_ci_low,accuracy_ci_high,precision_mean,precision_ci_low,precision_ci_high,f1_mean,f1_ci_low,f1_ci_high,mcc_mean,mcc_ci_low,mcc_ci_high,threshold,task
PictureNamingScore,full,baseline_0.50,0.7591355282282785,0.704749907936485,0.8131482881576444,0.4474327264715162,0.35800294723554016,0.5369137477263561,0.18175926915897977,0.11818002863278454,0.25807123655913977,0.9919857514741264,0.9852578231292517,0.9976744186046511,0.900517453798768,0.8808778234086243,0.917864476386037,0.7430621057430117,0.5769230769230769,0.9,0.2906519476678592,0.2,0.3916154791154791,0.33432885989753597,0.23871294671810353,0.4273690600660461,0.5,picnicScene
PictureNamingScore,full,max_f1,,,,,,,0.4220838583755437,0.1935483870967742,0.6740143699336771,0.9196594075433299,0.815528513950844,0.9934458004307251,0.8600915935042306,0.7864054167376408,0.9163179542203147,0.4588752559522973,0.26666666666666666,0.6956521739130435,0.45083487209899165,0.3420560329394917,0.5669450947010002,0.3595690091307481,0.23378385588614636,0.4924543524199395,,picnicScene
PictureNamingScore,full,recall>=0.80,,,,,,,0.9064410496749244,0.7399782608695652,0.9836065573770492,0.3498085367848364,0.15172413793103448,0.668268691588785,0.41622970874593046,0.24210025062656643,0.6838924532405394,0.1402074170905877,0.09004485852311941,0.2290080322149963,0.27762437292024833,0.19772505591032793,0.3987196071536219,0.18178989928155465,0.0720904554846172,0.32997854317367126,,picnicScene
