target,model,threshold_type,auroc_mean,auroc_ci_low,auroc_ci_high,auprc_mean,auprc_ci_low,auprc_ci_high,sensitivity_mean,sensitivity_ci_low,sensitivity_ci_high,specificity_mean,specificity_ci_low,specificity_ci_high,accuracy_mean,accuracy_ci_low,accuracy_ci_high,precision_mean,precision_ci_low,precision_ci_high,f1_mean,f1_ci_low,f1_ci_high,mcc_mean,mcc_ci_low,mcc_ci_high,threshold,task
PictureNamingScore,acoustic,baseline_0.50,0.6585715872674641,0.5996713077708768,0.7124658523937794,0.3140219222075656,0.23389090899771972,0.3984682044601646,0.1458003192866934,0.08661228043609934,0.21102806260118726,0.982623805769479,0.9733170906866511,0.9907514450867052,0.8881365503080083,0.8685831622176592,0.9065708418891171,0.5165980542385226,0.3333333333333333,0.6923611111111111,0.22614854537766804,0.14083956866197184,0.3129251700680272,0.2305435022854061,0.13060605743803266,0.32873542695750674,0.5,picnicScene
PictureNamingScore,acoustic,max_f1,,,,,,,0.340904296445598,0.16391769822683172,0.8597265221878224,0.8905157747669192,0.3347745750184775,0.9908272554387578,0.8245611977054581,0.3991252287405279,0.9079801552522849,0.3207308360534427,0.14282269177767573,0.5911363636363635,0.3096280493514461,0.21847075463848906,0.41861572535991143,0.25588902791741364,0.10815997684890344,0.43077286069161974,,picnicScene
PictureNamingScore,acoustic,recall>=0.80,,,,,,,0.8288113755606823,0.7192845394736842,0.9166666666666666,0.38730901710578625,0.28603003599565335,0.4751831182420649,0.44008489586846167,0.3494061969439729,0.5140435960245132,0.13198074571264645,0.09470669677440623,0.17212380011293052,0.26127926742453417,0.19680672268907565,0.32329005656648263,0.14572820040745785,0.060699316248289475,0.2227310780294988,,picnicScene
