task,target,model,criterion,threshold,precision,recall,f1
picnicScene,PictureNamingScore,acoustic,max_f1,0.279567158280882,0.26153846153846155,0.3269230769230769,0.2905982905982906
picnicScene,PictureNamingScore,acoustic,recall>=0.80,0.09739061277869211,0.13166144200626959,0.8076923076923077,0.26301369863013696
