target,model,threshold_type,auroc_mean,auroc_ci_low,auroc_ci_high,auprc_mean,auprc_ci_low,auprc_ci_high,sensitivity_mean,sensitivity_ci_low,sensitivity_ci_high,specificity_mean,specificity_ci_low,specificity_ci_high,accuracy_mean,accuracy_ci_low,accuracy_ci_high,precision_mean,precision_ci_low,precision_ci_high,f1_mean,f1_ci_low,f1_ci_high,mcc_mean,mcc_ci_low,mcc_ci_high,threshold,task
SemanticFluencyScore,demographics,baseline_0.50,0.5298449960504108,0.47896527331456024,0.5789451066515517,0.23118345769311316,0.17919026406090796,0.28799344557046624,0.22398888376656784,0.16539003759398496,0.285735171261487,0.821482128256904,0.7962448624845488,0.847731693138806,0.7214655172413793,0.6937119675456389,0.7495182555780933,0.20147384818865674,0.1460643789857273,0.26163482834994467,0.21166020375962807,0.155336907694537,0.2678089304257529,0.04358924400247552,-0.02108506586198622,0.11056236750462768,0.5,picnicScene
SemanticFluencyScore,demographics,max_f1,,,,,,,0.7224083068627567,0.09079685746352424,1.0,0.3109354466457505,0.017897162158671116,0.9487226277372263,0.3882848522339172,0.18594592166726553,0.7988373415537149,0.19223429550139975,0.12579923830979872,0.41381412952060553,0.27194530348482093,0.2218303240495605,0.3310628199658703,0.0493431344431481,-0.05724723811270278,0.1357702857107579,,picnicScene
SemanticFluencyScore,demographics,recall>=0.80,,,,,,,0.8841976781807184,0.7727128883774453,0.9615506329113924,0.18400169798555896,0.10335613072323704,0.27820262682021507,0.31463066903775555,0.24899986850552666,0.38524030994806363,0.14649659124878422,0.11214899805385059,0.18278619937781232,0.32456050555658494,0.2727272727272727,0.3802844518088926,0.07084685548897529,-0.015016365731112792,0.14739884973169365,,picnicScene
